Team 1,Team 2,Winner,Ground,Match Date
3,7,3,103,"Jan 5, 1971"
8,2,7,101,"Aug 24, 1972"
8,2,3,98,"Aug 26, 1972"
8,2,7,16,"Aug 28, 1972"
16,18,15,36,"Feb 11, 1973"
8,16,7,158,"Jul 18, 1973"
8,16,24,101,"Jul 20, 1973"
8,24,7,95,"Sep 5, 1973"
8,24,22,165,"Sep 7, 1973"
16,2,3,52,"Mar 30, 1974"
16,2,3,36,"Mar 31, 1974"
8,10,7,95,"Jul 13, 1974"
8,10,7,165,"Jul 15-16, 1974"
8,18,17,126,"Aug 31, 1974"
8,18,17,16,"Sep 3, 1974"
3,7,7,103,"Jan 1, 1975"
16,7,24,52,"Mar 8, 1975"
16,7,24,173,"Mar 9, 1975"
8,10,7,98,"Jun 7, 1975"
7,16,15,16,"Jun 7, 1975"
3,18,3,95,"Jun 7, 1975"
21,24,22,101,"Jun 7, 1975"
8,16,7,126,"Jun 11, 1975"
7,10,10,95,"Jun 11, 1975"
3,21,3,165,"Jun 11, 1975"
18,24,22,16,"Jun 11, 1975"
8,6,7,16,"Jun 14, 1975"
10,16,15,101,"Jun 14, 1975"
3,24,22,165,"Jun 14, 1975"
18,21,17,126,"Jun 14, 1975"
8,2,3,95,"Jun 18, 1975"
16,24,22,165,"Jun 18, 1975"
3,24,22,98,"Jun 21, 1975"
3,24,3,2,"Dec 20, 1975"
16,10,15,36,"Feb 21, 1976"
16,10,15,8,"Feb 22, 1976"
8,24,22,148,"Aug 26, 1976"
8,24,22,98,"Aug 28-29, 1976"
8,24,22,16,"Aug 30-31, 1976"
18,16,15,152,"Oct 16, 1976"
23,18,22,4,"Mar 16, 1977"
8,2,7,101,"Jun 2, 1977"
8,2,7,16,"Jun 4, 1977"
8,2,3,165,"Jun 6, 1977"
18,7,7,146,"Dec 23, 1977"
18,7,7,152,"Dec 30, 1977"
18,7,17,93,"Jan 13, 1978"
23,2,22,157,"Feb 22, 1978"
23,2,3,28,"Apr 12, 1978"
8,18,7,101,"May 24-25, 1978"
8,18,7,165,"May 26, 1978"
8,16,7,148,"Jul 15, 1978"
8,16,7,101,"Jul 17, 1978"
18,10,10,140,"Oct 1, 1978"
18,10,17,152,"Oct 13, 1978"
18,10,17,146,"Nov 3, 1978"
3,7,24,159,"Jan 13, 1979"
3,7,7,103,"Jan 24, 1979"
3,7,3,103,"Feb 4, 1979"
3,7,3,103,"Feb 7, 1979"
10,24,22,16,"Jun 9, 1979"
16,21,15,126,"Jun 9, 1979"
8,2,7,98,"Jun 9, 1979"
6,18,17,95,"Jun 9, 1979"
10,16,15,95,"Jun 13, 1979"
3,18,17,126,"Jun 13-14, 1979"
8,5,7,101,"Jun 13-14, 1979"
10,21,20,101,"Jun 16-18, 1979"
16,24,22,126,"Jun 16, 1979"
3,5,3,16,"Jun 16, 1979"
8,18,7,95,"Jun 16, 1979"
8,16,7,101,"Jun 20, 1979"
18,24,22,165,"Jun 20, 1979"
8,24,22,98,"Jun 23, 1979"
3,24,3,159,"Nov 27, 1979"
8,24,7,159,"Nov 28, 1979"
3,7,7,103,"Dec 8, 1979"
3,24,22,103,"Dec 9, 1979"
3,7,7,159,"Dec 11, 1979"
3,24,3,159,"Dec 21, 1979"
8,24,22,20,"Dec 23, 1979"
3,7,7,159,"Dec 26, 1979"
3,7,7,159,"Jan 14, 1980"
8,24,22,2,"Jan 16, 1980"
3,24,3,159,"Jan 18, 1980"
8,24,22,103,"Jan 20, 1980"
8,24,22,159,"Jan 22, 1980"
16,24,15,36,"Feb 6, 1980"
8,24,22,95,"May 28-29, 1980"
8,24,7,98,"May 30, 1980"
8,2,7,165,"Aug 20, 1980"
8,2,7,16,"Aug 22, 1980"
18,24,22,83,"Nov 21, 1980"
3,16,15,2,"Nov 23, 1980"
3,16,3,159,"Nov 25, 1980"
18,24,22,152,"Dec 5, 1980"
3,10,10,103,"Dec 6, 1980"
3,16,3,103,"Dec 7, 1980"
10,16,10,130,"Dec 9, 1980"
3,10,3,159,"Dec 18, 1980"
18,24,22,93,"Dec 19, 1980"
10,16,15,20,"Dec 21, 1980"
10,16,10,2,"Dec 23, 1980"
3,10,3,159,"Jan 8, 1981"
10,16,15,103,"Jan 10, 1981"
3,10,3,103,"Jan 11, 1981"
3,16,15,159,"Jan 13, 1981"
3,10,3,159,"Jan 15, 1981"
10,16,15,20,"Jan 18, 1981"
3,16,24,159,"Jan 21, 1981"
3,16,15,159,"Jan 29, 1981"
3,16,3,103,"Jan 31, 1981"
3,16,3,103,"Feb 1, 1981"
3,16,3,159,"Feb 3, 1981"
23,7,22,88,"Feb 4, 1981"
16,10,15,8,"Feb 14, 1981"
16,10,15,68,"Feb 15, 1981"
23,7,22,4,"Feb 26, 1981"
8,2,7,98,"Jun 4, 1981"
8,2,3,16,"Jun 6, 1981"
8,2,3,95,"Jun 8, 1981"
18,24,22,103,"Nov 21, 1981"
3,18,17,103,"Nov 22, 1981"
3,24,3,159,"Nov 24, 1981"
10,7,7,3,"Nov 25, 1981"
18,24,17,2,"Dec 5, 1981"
3,18,3,2,"Dec 6, 1981"
3,18,17,159,"Dec 17, 1981"
18,24,22,130,"Dec 19, 1981"
3,24,22,130,"Dec 20, 1981"
10,7,10,77,"Dec 20, 1981"
3,18,17,103,"Jan 9, 1982"
3,24,22,103,"Jan 10, 1982"
18,24,22,159,"Jan 12, 1982"
3,18,3,159,"Jan 14, 1982"
18,24,22,20,"Jan 16, 1982"
3,24,22,20,"Jan 17, 1982"
3,24,3,159,"Jan 19, 1982"
3,24,22,103,"Jan 23, 1982"
3,24,22,103,"Jan 24, 1982"
3,24,3,159,"Jan 26, 1982"
3,24,22,159,"Jan 27, 1982"
10,7,10,40,"Jan 27, 1982"
16,2,15,8,"Feb 13, 1982"
21,7,7,39,"Feb 13, 1982"
21,7,20,39,"Feb 14, 1982"
16,2,3,52,"Feb 17, 1982"
16,2,3,173,"Feb 20, 1982"
18,21,17,83,"Mar 12, 1982"
18,21,20,93,"Mar 29, 1982"
18,21,17,83,"Mar 31, 1982"
8,10,7,95,"Jun 2, 1982"
8,10,7,165,"Jun 4, 1982"
8,18,7,126,"Jul 17, 1982"
8,18,7,101,"Jul 19, 1982"
10,21,10,6,"Sep 12, 1982"
10,21,10,44,"Sep 15, 1982"
18,2,17,73,"Sep 20, 1982"
10,21,10,13,"Sep 26, 1982"
18,2,17,93,"Oct 8, 1982"
18,2,24,83,"Oct 22, 1982"
18,10,17,64,"Dec 3, 1982"
18,10,17,110,"Dec 17, 1982"
18,10,10,93,"Dec 31, 1982"
3,16,3,103,"Jan 9, 1983"
3,7,3,159,"Jan 11, 1983"
8,16,15,103,"Jan 13, 1983"
8,16,7,20,"Jan 15, 1983"
3,7,3,20,"Jan 16, 1983"
3,16,15,159,"Jan 18, 1983"
8,16,7,159,"Jan 20, 1983"
18,10,17,83,"Jan 21, 1983"
3,16,15,103,"Jan 22, 1983"
3,7,3,103,"Jan 23, 1983"
3,7,7,159,"Jan 26, 1983"
8,16,15,2,"Jan 29, 1983"
3,7,7,2,"Jan 30, 1983"
3,16,15,2,"Jan 31, 1983"
8,16,15,130,"Feb 5, 1983"
3,16,3,130,"Feb 6, 1983"
3,16,3,159,"Feb 9, 1983"
3,16,3,103,"Feb 13, 1983"
16,7,15,8,"Feb 19, 1983"
16,7,15,173,"Feb 23, 1983"
16,7,15,36,"Feb 26, 1983"
16,21,15,52,"Mar 2, 1983"
23,10,22,135,"Mar 9, 1983"
3,16,15,159,"Mar 17, 1983"
16,21,15,120,"Mar 19, 1983"
16,21,15,8,"Mar 20, 1983"
23,10,10,4,"Mar 29, 1983"
23,10,22,156,"Apr 7, 1983"
21,2,20,37,"Apr 13, 1983"
21,2,20,37,"Apr 16, 1983"
21,2,24,39,"Apr 29, 1983"
21,2,24,39,"Apr 30, 1983"
8,16,7,165,"Jun 9, 1983"
18,21,17,158,"Jun 9, 1983"
3,25,23,126,"Jun 9, 1983"
10,24,10,101,"Jun 9-10, 1983"
8,21,7,162,"Jun 11, 1983"
16,18,15,16,"Jun 11-12, 1983"
3,24,22,95,"Jun 11-12, 1983"
10,25,10,96,"Jun 11, 1983"
8,18,7,98,"Jun 13, 1983"
16,21,15,21,"Jun 13, 1983"
3,10,3,126,"Jun 13, 1983"
23,25,22,175,"Jun 13, 1983"
8,16,15,16,"Jun 15, 1983"
10,24,22,165,"Jun 15, 1983"
18,21,17,95,"Jun 16, 1983"
3,25,3,154,"Jun 16, 1983"
8,18,7,101,"Jun 18, 1983"
16,21,20,45,"Jun 18, 1983"
3,24,22,98,"Jun 18, 1983"
10,25,10,169,"Jun 18, 1983"
8,21,7,95,"Jun 20, 1983"
16,18,17,126,"Jun 20, 1983"
3,10,10,32,"Jun 20, 1983"
23,25,22,16,"Jun 20, 1983"
8,10,10,101,"Jun 22, 1983"
18,24,22,165,"Jun 22, 1983"
10,24,10,98,"Jun 25, 1983"
10,18,10,72,"Sep 10, 1983"
10,18,10,76,"Oct 2, 1983"
10,24,22,155,"Oct 13, 1983"
10,24,22,170,"Nov 9, 1983"
10,24,22,75,"Dec 1, 1983"
10,24,22,78,"Dec 7, 1983"
10,24,22,65,"Dec 17, 1983"
3,24,22,103,"Jan 8, 1984"
3,18,3,159,"Jan 10, 1984"
18,24,17,103,"Jan 12, 1984"
18,24,22,20,"Jan 14, 1984"
3,18,24,20,"Jan 15, 1984"
3,24,22,159,"Jan 17, 1984"
18,24,22,159,"Jan 19, 1984"
3,18,3,103,"Jan 21, 1984"
3,24,22,103,"Jan 22, 1984"
3,18,3,159,"Jan 25, 1984"
18,24,22,2,"Jan 28, 1984"
3,24,22,2,"Jan 29, 1984"
3,18,3,2,"Jan 30, 1984"
18,24,22,130,"Feb 4, 1984"
3,24,3,130,"Feb 5, 1984"
3,24,22,159,"Feb 8, 1984"
3,24,25,103,"Feb 11, 1984"
3,24,22,103,"Feb 12, 1984"
16,7,7,36,"Feb 18, 1984"
16,7,7,173,"Feb 22, 1984"
16,7,15,8,"Feb 25, 1984"
23,2,22,4,"Feb 29, 1984"
21,16,15,39,"Mar 3, 1984"
18,7,17,93,"Mar 9, 1984"
23,2,3,135,"Mar 14, 1984"
18,7,7,83,"Mar 26, 1984"
21,16,20,108,"Mar 31, 1984"
21,16,15,37,"Apr 1, 1984"
18,21,20,150,"Apr 6, 1984"
10,21,10,150,"Apr 8, 1984"
10,18,10,150,"Apr 13, 1984"
23,2,22,28,"Apr 19, 1984"
23,2,22,87,"Apr 26, 1984"
8,24,22,101,"May 31, 1984"
8,24,7,126,"Jun 2, 1984"
8,24,22,98,"Jun 4, 1984"
10,2,3,122,"Sep 28, 1984"
10,2,24,166,"Oct 1, 1984"
10,2,24,78,"Oct 3, 1984"
10,2,3,3,"Oct 5, 1984"
10,2,3,75,"Oct 6, 1984"
18,10,17,140,"Oct 12, 1984"
18,10,24,152,"Oct 31, 1984"
21,16,20,37,"Nov 3, 1984"
21,16,15,108,"Nov 4, 1984"
18,16,17,131,"Nov 12, 1984"
18,16,17,56,"Nov 23, 1984"
18,16,15,152,"Dec 2, 1984"
10,7,7,138,"Dec 5, 1984"
18,16,17,110,"Dec 7, 1984"
10,7,7,40,"Dec 27, 1984"
3,24,22,103,"Jan 6, 1985"
3,21,3,159,"Jan 8, 1985"
21,24,22,70,"Jan 10, 1985"
16,18,15,120,"Jan 12, 1985"
21,24,22,20,"Jan 12, 1985"
3,24,22,20,"Jan 13, 1985"
16,18,15,68,"Jan 15, 1985"
3,24,22,159,"Jan 15, 1985"
21,24,22,159,"Jan 17, 1985"
3,21,20,103,"Jan 19, 1985"
3,24,22,103,"Jan 20, 1985"
10,7,7,13,"Jan 20, 1985"
3,21,3,159,"Jan 23, 1985"
10,7,10,113,"Jan 23, 1985"
21,24,22,2,"Jan 26, 1985"
3,24,22,2,"Jan 27, 1985"
10,7,7,30,"Jan 27, 1985"
3,21,3,2,"Jan 28, 1985"
21,24,22,130,"Feb 2, 1985"
3,21,3,130,"Feb 3, 1985"
16,18,15,36,"Feb 6, 1985"
3,24,3,159,"Feb 6, 1985"
3,24,22,103,"Feb 10, 1985"
3,24,22,159,"Feb 12, 1985"
16,18,24,8,"Feb 16-17, 1985"
3,7,3,103,"Feb 17, 1985"
16,24,24,159,"Feb 19-21, 1985"
10,18,10,103,"Feb 20, 1985"
16,21,15,103,"Feb 23, 1985"
3,18,17,103,"Feb 24, 1985"
8,10,10,159,"Feb 26, 1985"
21,24,22,103,"Feb 27, 1985"
8,18,17,103,"Mar 2, 1985"
3,10,10,103,"Mar 3, 1985"
10,16,10,159,"Mar 5, 1985"
18,24,17,103,"Mar 6, 1985"
16,24,22,159,"Mar 9, 1985"
10,18,10,103,"Mar 10, 1985"
23,16,22,157,"Mar 20, 1985"
10,18,10,150,"Mar 22, 1985"
3,7,3,150,"Mar 24, 1985"
8,18,17,150,"Mar 26, 1985"
23,16,22,135,"Mar 27, 1985"
3,10,10,150,"Mar 29, 1985"
23,16,22,4,"Apr 14, 1985"
23,16,22,135,"Apr 17, 1985"
23,16,22,19,"Apr 23, 1985"
8,2,3,101,"May 30, 1985"
8,2,3,16,"Jun 1, 1985"
8,2,7,98,"Jun 3, 1985"
21,10,10,39,"Aug 25, 1985"
21,10,20,37,"Sep 21, 1985"
21,10,24,37,"Sep 22, 1985"
18,21,17,131,"Oct 13, 1985"
18,21,17,64,"Oct 23, 1985"
18,21,17,93,"Oct 25, 1985"
18,21,17,73,"Nov 3, 1985"
18,24,22,150,"Nov 15, 1985"
10,18,17,150,"Nov 17, 1985"
10,24,22,150,"Nov 22, 1985"
18,24,22,64,"Nov 27, 1985"
18,24,17,93,"Nov 29, 1985"
18,24,22,131,"Dec 2, 1985"
18,24,17,143,"Dec 4, 1985"
18,24,22,83,"Dec 6, 1985"
3,16,24,103,"Jan 9, 1986"
10,16,10,20,"Jan 11, 1986"
3,10,3,20,"Jan 12, 1986"
3,16,3,159,"Jan 14, 1986"
3,10,10,103,"Jan 16, 1986"
10,16,15,130,"Jan 18, 1986"
3,16,3,130,"Jan 19, 1986"
3,10,3,159,"Jan 21, 1986"
10,16,15,103,"Jan 23, 1986"
10,16,10,2,"Jan 25, 1986"
3,10,3,2,"Jan 26, 1986"
3,16,15,2,"Jan 27, 1986"
3,16,3,159,"Jan 29, 1986"
3,10,10,103,"Jan 31, 1986"
10,16,10,94,"Feb 2, 1986"
3,10,3,159,"Feb 5, 1986"
3,10,3,103,"Feb 9, 1986"
23,7,22,87,"Feb 18, 1986"
21,18,17,81,"Mar 2, 1986"
23,7,7,135,"Mar 4, 1986"
21,18,24,108,"Mar 8, 1986"
21,18,17,39,"Mar 11, 1986"
16,2,15,52,"Mar 19, 1986"
23,7,22,19,"Mar 19, 1986"
16,2,15,36,"Mar 22, 1986"
16,2,3,173,"Mar 26, 1986"
16,2,3,8,"Mar 29, 1986"
21,18,17,37,"Mar 30, 1986"
4,18,17,108,"Mar 31, 1986"
23,7,22,135,"Mar 31, 1986"
21,3,20,81,"Apr 2, 1986"
21,16,15,38,"Apr 5, 1986"
21,18,20,39,"Apr 6, 1986"
16,18,17,39,"Apr 7, 1986"
10,16,10,150,"Apr 10, 1986"
3,18,17,150,"Apr 11, 1986"
10,21,10,150,"Apr 13, 1986"
16,18,17,150,"Apr 15, 1986"
10,18,17,150,"Apr 18, 1986"
8,10,10,165,"May 24, 1986"
8,10,7,101,"May 26, 1986"
8,16,15,95,"Jul 16, 1986"
8,16,7,101,"Jul 18, 1986"
10,2,10,76,"Sep 7, 1986"
10,2,3,155,"Sep 9, 1986"
10,2,24,72,"Sep 24, 1986"
10,2,10,44,"Oct 2, 1986"
10,2,10,3,"Oct 5, 1986"
10,2,3,141,"Oct 7, 1986"
18,24,22,131,"Oct 17, 1986"
18,24,22,64,"Nov 4, 1986"
18,24,22,152,"Nov 14, 1986"
18,24,22,110,"Nov 17, 1986"
18,24,17,73,"Nov 18, 1986"
10,21,10,150,"Nov 27, 1986"
18,24,22,150,"Nov 28, 1986"
10,24,22,150,"Nov 30, 1986"
18,21,17,150,"Dec 2, 1986"
21,24,22,150,"Dec 3, 1986"
10,18,17,150,"Dec 5, 1986"
10,21,20,82,"Dec 24, 1986"
18,24,17,130,"Dec 30, 1986"
3,7,7,130,"Jan 1, 1987"
3,18,17,130,"Jan 2, 1987"
8,24,7,130,"Jan 3, 1987"
3,24,22,130,"Jan 4, 1987"
8,18,7,130,"Jan 5, 1987"
8,18,7,130,"Jan 7, 1987"
10,21,10,65,"Jan 11, 1987"
10,21,10,44,"Jan 13, 1987"
10,21,10,170,"Jan 15, 1987"
8,24,7,20,"Jan 17, 1987"
10,21,10,111,"Jan 17, 1987"
3,7,3,20,"Jan 18, 1987"
3,24,22,103,"Jan 20, 1987"
3,7,7,159,"Jan 22, 1987"
8,24,7,2,"Jan 24, 1987"
3,24,22,2,"Jan 25, 1987"
3,7,3,2,"Jan 26, 1987"
10,18,17,75,"Jan 27, 1987"
3,24,3,159,"Jan 28, 1987"
8,24,22,103,"Jan 30, 1987"
3,7,3,103,"Feb 1, 1987"
8,24,7,46,"Feb 3, 1987"
3,24,3,159,"Feb 6, 1987"
3,7,7,103,"Feb 8, 1987"
3,7,7,159,"Feb 11, 1987"
10,18,17,90,"Feb 18, 1987"
16,24,22,52,"Mar 18, 1987"
10,18,10,72,"Mar 20, 1987"
16,24,22,8,"Mar 21, 1987"
10,18,17,138,"Mar 22, 1987"
10,18,17,113,"Mar 24, 1987"
10,18,17,78,"Mar 26, 1987"
16,24,22,36,"Mar 28, 1987"
8,10,10,150,"Apr 2, 1987"
3,18,17,150,"Apr 3, 1987"
3,10,10,150,"Apr 5, 1987"
8,18,7,150,"Apr 7, 1987"
3,7,7,150,"Apr 9, 1987"
10,18,17,150,"Apr 10, 1987"
8,18,7,165,"May 21, 1987"
8,18,17,126,"May 23, 1987"
8,18,7,16,"May 25, 1987"
18,21,17,73,"Oct 8, 1987"
10,2,3,33,"Oct 9, 1987"
8,24,7,64,"Oct 9, 1987"
16,25,15,72,"Oct 10, 1987"
18,7,17,143,"Oct 12-13, 1987"
3,25,3,33,"Oct 13, 1987"
21,24,22,83,"Oct 13, 1987"
10,16,10,13,"Oct 14, 1987"
18,24,17,93,"Oct 16, 1987"
10,25,10,111,"Oct 17, 1987"
8,21,7,131,"Oct 17, 1987"
3,16,3,75,"Oct 18-19, 1987"
18,7,17,83,"Oct 20, 1987"
21,24,22,82,"Oct 21, 1987"
10,2,10,44,"Oct 22, 1987"
16,25,15,90,"Oct 23, 1987"
18,21,17,56,"Oct 25, 1987"
8,24,7,76,"Oct 26, 1987"
10,25,10,3,"Oct 26, 1987"
3,16,3,30,"Oct 27, 1987"
3,25,3,40,"Oct 30, 1987"
8,21,7,138,"Oct 30, 1987"
18,24,22,83,"Oct 30, 1987"
10,16,10,113,"Oct 31, 1987"
18,2,3,93,"Nov 4, 1987"
10,7,7,111,"Nov 5, 1987"
3,7,3,90,"Nov 8, 1987"
18,7,7,93,"Nov 18, 1987"
18,7,7,83,"Nov 20, 1987"
18,7,7,131,"Nov 22, 1987"
10,24,22,113,"Dec 8, 1987"
10,24,22,65,"Dec 23, 1987"
3,21,3,130,"Jan 2, 1988"
10,24,10,90,"Jan 2, 1988"
3,16,15,130,"Jan 3, 1988"
16,21,15,159,"Jan 5, 1988"
10,24,22,141,"Jan 5, 1988"
3,16,3,103,"Jan 7, 1988"
10,24,22,3,"Jan 7, 1988"
16,21,15,2,"Jan 9, 1988"
3,21,3,2,"Jan 10, 1988"
16,21,20,70,"Jan 12, 1988"
3,21,3,103,"Jan 14, 1988"
16,21,15,20,"Jan 16, 1988"
3,16,3,20,"Jan 17, 1988"
3,21,3,159,"Jan 19, 1988"
10,24,22,57,"Jan 19, 1988"
3,16,3,159,"Jan 20, 1988"
3,16,3,103,"Jan 22, 1988"
10,24,22,66,"Jan 22, 1988"
3,16,3,159,"Jan 24, 1988"
10,24,22,166,"Jan 25, 1988"
3,7,3,103,"Feb 4, 1988"
16,7,7,52,"Mar 9, 1988"
16,7,7,36,"Mar 12, 1988"
23,18,22,87,"Mar 12, 1988"
23,18,22,157,"Mar 15, 1988"
16,7,15,120,"Mar 16, 1988"
23,18,22,135,"Mar 18, 1988"
16,7,15,8,"Mar 19, 1988"
23,18,22,135,"Mar 20, 1988"
10,21,10,150,"Mar 25, 1988"
10,16,10,150,"Mar 27, 1988"
16,21,15,150,"Mar 29, 1988"
23,18,22,60,"Mar 30, 1988"
16,21,15,150,"Mar 31, 1988"
10,16,10,150,"Apr 1, 1988"
8,24,7,16,"May 19, 1988"
8,24,7,95,"May 21, 1988"
8,24,7,98,"May 23-24, 1988"
8,21,7,165,"Sep 4, 1988"
18,2,17,93,"Oct 14, 1988"
10,24,10,150,"Oct 16, 1988"
18,24,17,150,"Oct 18, 1988"
10,18,17,150,"Oct 19, 1988"
10,24,22,150,"Oct 21, 1988"
18,24,22,150,"Oct 22, 1988"
18,21,20,47,"Oct 27, 1988"
4,10,10,35,"Oct 27, 1988"
10,21,20,47,"Oct 29, 1988"
4,18,17,35,"Oct 29, 1988"
10,18,10,47,"Oct 31, 1988"
4,21,20,47,"Nov 2, 1988"
10,21,10,47,"Nov 4, 1988"
18,24,22,2,"Dec 10, 1988"
10,16,10,172,"Dec 10, 1988"
3,18,3,2,"Dec 11, 1988"
10,16,10,40,"Dec 12, 1988"
3,24,22,159,"Dec 13, 1988"
3,24,22,103,"Dec 15, 1988"
10,16,10,75,"Dec 15, 1988"
18,24,22,70,"Dec 17, 1988"
10,16,10,170,"Dec 17, 1988"
18,24,22,130,"Jan 1, 1989"
3,18,17,130,"Jan 2, 1989"
3,24,3,103,"Jan 5, 1989"
18,24,17,20,"Jan 7, 1989"
3,18,3,20,"Jan 8, 1989"
3,18,3,103,"Jan 10, 1989"
3,24,3,159,"Jan 12, 1989"
3,24,3,103,"Jan 14, 1989"
3,24,22,159,"Jan 16, 1989"
3,24,22,159,"Jan 18, 1989"
16,18,15,52,"Feb 6, 1989"
16,18,15,36,"Mar 4, 1989"
23,10,22,19,"Mar 7, 1989"
16,18,15,173,"Mar 8, 1989"
23,10,22,135,"Mar 9, 1989"
16,18,17,8,"Mar 11, 1989"
23,10,22,135,"Mar 11, 1989"
16,18,15,68,"Mar 14, 1989"
23,10,22,157,"Mar 18, 1989"
23,10,22,60,"Mar 21, 1989"
18,21,17,150,"Mar 23, 1989"
18,21,17,150,"Mar 24, 1989"
8,2,7,101,"May 25, 1989"
8,2,25,126,"May 27, 1989"
8,2,3,98,"May 29, 1989"
10,24,22,150,"Oct 13, 1989"
18,24,17,150,"Oct 14, 1989"
8,21,7,44,"Oct 15, 1989"
10,18,17,150,"Oct 15, 1989"
10,24,10,150,"Oct 16, 1989"
18,24,17,150,"Oct 17, 1989"
3,7,7,72,"Oct 19, 1989"
21,24,20,141,"Oct 19, 1989"
10,18,17,150,"Oct 20, 1989"
3,24,3,33,"Oct 21, 1989"
8,18,7,40,"Oct 22, 1989"
10,21,10,3,"Oct 22, 1989"
3,18,17,112,"Oct 23, 1989"
10,24,22,44,"Oct 23, 1989"
10,7,10,82,"Oct 25, 1989"
18,24,22,77,"Oct 25, 1989"
3,21,3,102,"Oct 25, 1989"
8,24,22,66,"Oct 27, 1989"
10,2,10,13,"Oct 27, 1989"
18,21,17,99,"Oct 27, 1989"
10,18,17,90,"Oct 28, 1989"
8,18,17,113,"Oct 30, 1989"
10,24,22,111,"Oct 30, 1989"
18,24,17,90,"Nov 1, 1989"
18,10,17,64,"Dec 18, 1989"
18,10,24,83,"Dec 20, 1989"
18,10,17,93,"Dec 22, 1989"
3,21,3,103,"Dec 26, 1989"
3,21,3,130,"Dec 30, 1989"
18,21,20,130,"Dec 31, 1989"
3,18,3,103,"Jan 3, 1990"
3,21,3,103,"Jan 4, 1990"
18,21,17,20,"Feb 10, 1990"
3,18,3,20,"Feb 11, 1990"
3,18,17,159,"Feb 13, 1990"
23,7,24,135,"Feb 14, 1990"
18,21,17,70,"Feb 15, 1990"
18,21,17,2,"Feb 17, 1990"
23,7,24,135,"Feb 17, 1990"
3,21,3,2,"Feb 18, 1990"
3,18,17,159,"Feb 20, 1990"
3,18,3,103,"Feb 23, 1990"
3,18,3,159,"Feb 25, 1990"
16,10,15,52,"Mar 1, 1990"
3,10,3,36,"Mar 3, 1990"
23,7,22,87,"Mar 3, 1990"
16,2,3,36,"Mar 4, 1990"
16,10,10,173,"Mar 6, 1990"
23,7,22,60,"Mar 7, 1990"
3,10,3,68,"Mar 8, 1990"
16,2,3,8,"Mar 10, 1990"
16,2,3,8,"Mar 11, 1990"
23,7,22,60,"Mar 15, 1990"
23,7,22,19,"Apr 3, 1990"
10,21,20,150,"Apr 25, 1990"
3,16,3,150,"Apr 26, 1990"
10,18,17,150,"Apr 27, 1990"
4,16,15,150,"Apr 28, 1990"
18,21,17,150,"Apr 29, 1990"
3,3,3,150,"Apr 30, 1990"
16,18,17,150,"May 1, 1990"
3,21,3,150,"May 2, 1990"
3,18,17,150,"May 4, 1990"
8,16,15,95,"May 23, 1990"
8,16,7,165,"May 25, 1990"
8,10,10,95,"Jul 18, 1990"
8,10,10,126,"Jul 20, 1990"
18,16,17,93,"Nov 2, 1990"
18,16,17,131,"Nov 4, 1990"
18,16,17,152,"Nov 6, 1990"
18,24,17,83,"Nov 9, 1990"
18,24,17,93,"Nov 11, 1990"
18,24,17,110,"Nov 13, 1990"
3,16,3,159,"Nov 29, 1990"
8,16,15,2,"Dec 1, 1990"
10,21,10,113,"Dec 1, 1990"
3,16,3,2,"Dec 2, 1990"
10,21,10,138,"Dec 5, 1990"
8,16,7,130,"Dec 7, 1990"
10,21,20,102,"Dec 8, 1990"
3,7,3,130,"Dec 9, 1990"
3,16,3,103,"Dec 11, 1990"
8,16,7,159,"Dec 13, 1990"
8,16,15,20,"Dec 15, 1990"
3,7,3,20,"Dec 16, 1990"
3,16,15,70,"Dec 18, 1990"
18,21,20,150,"Dec 20, 1990"
18,21,17,150,"Dec 21, 1990"
10,3,10,30,"Dec 25, 1990"
10,21,20,40,"Dec 28, 1990"
4,21,20,90,"Dec 31, 1990"
3,7,3,159,"Jan 1, 1991"
10,21,10,90,"Jan 4, 1991"
3,7,3,103,"Jan 10, 1991"
3,16,3,159,"Jan 13, 1991"
3,16,3,103,"Jan 15, 1991"
16,21,15,120,"Jan 26, 1991"
16,21,15,8,"Jan 28, 1991"
16,21,15,52,"Feb 6, 1991"
16,7,7,36,"Feb 9, 1991"
16,7,15,173,"Feb 13, 1991"
16,7,15,8,"Feb 16, 1991"
23,2,3,87,"Feb 26, 1991"
23,2,3,135,"Mar 9, 1991"
23,2,22,135,"Mar 10, 1991"
23,2,3,19,"Mar 13, 1991"
23,2,3,60,"Mar 20, 1991"
8,24,7,16,"May 23-24, 1991"
8,24,7,101,"May 25, 1991"
8,24,7,98,"May 27, 1991"
18,24,22,150,"Oct 17, 1991"
10,18,10,150,"Oct 18, 1991"
10,24,10,150,"Oct 19, 1991"
18,24,17,150,"Oct 21, 1991"
10,24,10,150,"Oct 22, 1991"
10,18,17,150,"Oct 23, 1991"
10,18,17,150,"Oct 25, 1991"
10,20,10,90,"Nov 10, 1991"
10,20,10,66,"Nov 12, 1991"
10,20,19,122,"Nov 14, 1991"
18,24,22,83,"Nov 20, 1991"
18,24,25,93,"Nov 22, 1991"
18,24,22,56,"Nov 24, 1991"
10,24,25,130,"Dec 6, 1991"
3,10,10,130,"Dec 8, 1991"
3,10,3,70,"Dec 10, 1991"
3,24,3,103,"Dec 12, 1991"
10,24,10,2,"Dec 14, 1991"
3,10,3,2,"Dec 15, 1991"
3,24,3,159,"Dec 18, 1991"
3,24,24,103,"Jan 9, 1992"
18,21,17,147,"Jan 10, 1992"
16,7,7,8,"Jan 11, 1992"
10,24,22,20,"Jan 11, 1992"
3,24,22,20,"Jan 12, 1992"
18,21,17,83,"Jan 13, 1992"
3,10,3,159,"Jan 14, 1992"
18,21,17,73,"Jan 15, 1992"
10,24,10,103,"Jan 16, 1992"
18,21,20,110,"Jan 17, 1992"
3,10,3,103,"Jan 18, 1992"
18,21,17,143,"Jan 19, 1992"
3,10,3,159,"Jan 20, 1992"
16,7,7,52,"Feb 12, 1992"
16,7,7,36,"Feb 15, 1992"
16,2,15,8,"Feb 22, 1992"
8,10,7,130,"Feb 22, 1992"
21,25,20,123,"Feb 23, 1992"
18,24,22,103,"Feb 23, 1992"
16,21,15,68,"Feb 25, 1992"
3,20,19,159,"Feb 26, 1992"
18,25,17,70,"Feb 27, 1992"
8,24,7,103,"Feb 27, 1992"
10,21,24,100,"Feb 28, 1992"
16,20,15,8,"Feb 29, 1992"
23,25,22,20,"Feb 29, 1992"
3,10,3,20,"Mar 1, 1992"
8,18,24,2,"Mar 1, 1992"
20,21,20,173,"Mar 2, 1992"
16,25,15,120,"Mar 3, 1992"
10,18,10,159,"Mar 4, 1992"
20,24,19,36,"Mar 5, 1992"
3,7,7,159,"Mar 5, 1992"
10,25,10,68,"Mar 7, 1992"
3,21,3,2,"Mar 7, 1992"
16,24,15,8,"Mar 8, 1992"
18,20,19,20,"Mar 8, 1992"
8,21,7,10,"Mar 9, 1992"
10,24,22,173,"Mar 10, 1992"
20,25,19,24,"Mar 10, 1992"
3,18,17,130,"Mar 11, 1992"
16,10,15,52,"Mar 12, 1992"
8,20,7,103,"Mar 12, 1992"
21,24,22,15,"Mar 13, 1992"
3,25,3,70,"Mar 14, 1992"
16,7,15,173,"Mar 15, 1992"
10,20,19,2,"Mar 15, 1992"
18,21,17,130,"Mar 15, 1992"
16,18,17,36,"Mar 18, 1992"
8,25,23,5,"Mar 18, 1992"
3,24,3,103,"Mar 18, 1992"
16,18,17,8,"Mar 21, 1992"
8,20,7,159,"Mar 22, 1992"
8,18,17,103,"Mar 25, 1992"
23,20,22,87,"Apr 7, 1992"
23,20,22,135,"Apr 11, 1992"
23,20,22,135,"Apr 12, 1992"
8,18,7,98,"May 20, 1992"
8,18,7,165,"May 22, 1992"
21,2,20,37,"Aug 15, 1992"
8,18,7,126,"Aug 20, 1992"
8,18,17,98,"Aug 22, 1992"
8,18,7,101,"Aug 24, 1992"
21,2,20,38,"Sep 4, 1992"
21,2,3,38,"Sep 5, 1992"
24,10,10,69,"Oct 25, 1992"
24,16,15,22,"Oct 31, 1992"
24,16,15,69,"Nov 8, 1992"
18,24,17,130,"Dec 4, 1992"
21,16,24,38,"Dec 4, 1992"
3,24,22,130,"Dec 6, 1992"
20,10,19,26,"Dec 7, 1992"
3,24,3,159,"Dec 8, 1992"
20,10,19,133,"Dec 9, 1992"
3,18,25,70,"Dec 10, 1992"
20,10,10,29,"Dec 11, 1992"
18,24,22,2,"Dec 12, 1992"
21,16,20,37,"Dec 12, 1992"
3,18,3,2,"Dec 13, 1992"
21,16,20,38,"Dec 13, 1992"
20,10,19,80,"Dec 13, 1992"
3,24,3,103,"Dec 15, 1992"
20,10,19,17,"Dec 15, 1992"
18,24,22,159,"Dec 17, 1992"
20,10,19,53,"Dec 17, 1992"
20,10,10,54,"Dec 19, 1992"
16,18,17,173,"Dec 26, 1992"
16,18,15,120,"Dec 28, 1992"
16,18,15,8,"Dec 30, 1992"
18,24,22,20,"Jan 9, 1993"
3,24,22,20,"Jan 10, 1993"
3,18,3,103,"Jan 12, 1993"
3,18,3,159,"Jan 14, 1993"
3,24,22,159,"Jan 16, 1993"
3,24,22,103,"Jan 18, 1993"
10,7,7,76,"Jan 18, 1993"
10,7,10,30,"Jan 21, 1993"
18,25,17,150,"Feb 1, 1993"
18,21,17,150,"Feb 2, 1993"
21,25,20,150,"Feb 3, 1993"
18,21,17,150,"Feb 4, 1993"
20,18,17,53,"Feb 9, 1993"
20,24,19,133,"Feb 11, 1993"
18,24,22,80,"Feb 13, 1993"
20,18,17,54,"Feb 15, 1993"
20,24,19,26,"Feb 17, 1993"
18,24,22,53,"Feb 19, 1993"
20,18,17,29,"Feb 21, 1993"
20,24,22,17,"Feb 23, 1993"
18,24,22,26,"Feb 25, 1993"
10,7,7,13,"Feb 26, 1993"
18,24,22,80,"Feb 27, 1993"
10,7,7,78,"Mar 1, 1993"
24,18,17,69,"Mar 2, 1993"
10,7,10,66,"Mar 4, 1993"
10,7,10,66,"Mar 5, 1993"
21,7,20,38,"Mar 10, 1993"
16,2,3,52,"Mar 19, 1993"
10,25,10,57,"Mar 19, 1993"
21,7,20,108,"Mar 20, 1993"
16,2,3,36,"Mar 21-22, 1993"
10,25,10,65,"Mar 22, 1993"
23,18,22,87,"Mar 23, 1993"
16,2,15,173,"Mar 24, 1993"
10,25,10,138,"Mar 25, 1993"
23,18,22,135,"Mar 26, 1993"
16,2,15,68,"Mar 27, 1993"
23,18,17,135,"Mar 27, 1993"
16,2,3,8,"Mar 28, 1993"
23,18,17,88,"Mar 30, 1993"
23,18,25,60,"Apr 3, 1993"
8,2,3,101,"May 19, 1993"
8,2,3,16,"May 21, 1993"
8,2,3,98,"May 23, 1993"
21,10,10,38,"Jul 25, 1993"
21,10,20,38,"Aug 12, 1993"
21,10,20,108,"Aug 14, 1993"
21,20,24,81,"Aug 22, 1993"
21,20,19,38,"Sep 2, 1993"
21,20,20,38,"Sep 4, 1993"
21,24,22,150,"Oct 28, 1993"
18,24,22,150,"Oct 29, 1993"
18,21,17,150,"Oct 30, 1993"
18,24,17,150,"Nov 1, 1993"
18,21,17,150,"Nov 2, 1993"
21,24,22,150,"Nov 3, 1993"
18,24,22,150,"Nov 5, 1993"
10,21,10,82,"Nov 7, 1993"
21,24,22,111,"Nov 9, 1993"
20,25,24,13,"Nov 10, 1993"
20,24,19,112,"Nov 14, 1993"
21,25,20,129,"Nov 15, 1993"
10,24,22,3,"Nov 16, 1993"
10,25,25,75,"Nov 18, 1993"
20,21,19,65,"Nov 19, 1993"
23,25,22,72,"Nov 21, 1993"
10,20,10,105,"Nov 22, 1993"
10,20,10,90,"Nov 24, 1993"
21,24,22,90,"Nov 25, 1993"
10,24,10,90,"Nov 27, 1993"
21,24,24,37,"Dec 1, 1993"
3,20,19,103,"Dec 9, 1993"
3,16,3,2,"Dec 12, 1993"
3,20,3,159,"Dec 14, 1993"
3,16,3,103,"Dec 16, 1993"
21,24,20,38,"Dec 16, 1993"
16,20,15,70,"Dec 18, 1993"
21,24,22,39,"Dec 18, 1993"
18,25,17,83,"Dec 24, 1993"
18,25,17,143,"Dec 25, 1993"
18,25,17,93,"Dec 27, 1993"
16,20,15,20,"Jan 8, 1994"
3,20,3,20,"Jan 9, 1994"
3,16,15,159,"Jan 11, 1994"
16,20,19,130,"Jan 14, 1994"
3,20,19,130,"Jan 16, 1994"
3,16,3,103,"Jan 19, 1994"
3,20,19,103,"Jan 21, 1994"
3,20,3,159,"Jan 23, 1994"
3,20,3,159,"Jan 25, 1994"
10,21,10,141,"Feb 15, 1994"
23,7,7,19,"Feb 16, 1994"
10,21,10,72,"Feb 18, 1994"
20,2,19,80,"Feb 19, 1994"
10,21,20,77,"Feb 20, 1994"
20,2,19,29,"Feb 20, 1994"
20,2,3,133,"Feb 22, 1994"
20,2,19,53,"Feb 24, 1994"
23,7,22,87,"Feb 26, 1994"
23,7,22,88,"Mar 2, 1994"
16,18,17,52,"Mar 3, 1994"
23,7,22,135,"Mar 5, 1994"
16,18,17,8,"Mar 6, 1994"
23,7,7,135,"Mar 6, 1994"
16,18,17,173,"Mar 9, 1994"
16,18,25,8,"Mar 13, 1994"
16,18,15,36,"Mar 16, 1994"
16,10,15,120,"Mar 25, 1994"
16,10,10,8,"Mar 27, 1994"
16,10,10,173,"Mar 30, 1994"
16,10,15,36,"Apr 2, 1994"
20,2,3,54,"Apr 2, 1994"
20,2,19,133,"Apr 4, 1994"
20,2,3,26,"Apr 6, 1994"
20,2,3,17,"Apr 8, 1994"
22,10,10,150,"Apr 13, 1994"
3,21,3,150,"Apr 14, 1994"
10,18,17,150,"Apr 15, 1994"
3,16,3,150,"Apr 16, 1994"
22,18,17,150,"Apr 17, 1994"
16,21,15,150,"Apr 18, 1994"
3,10,10,150,"Apr 19, 1994"
16,18,17,150,"Apr 20, 1994"
10,18,17,150,"Apr 22, 1994"
8,16,7,16,"May 19, 1994"
21,18,17,38,"Aug 3, 1994"
21,18,20,38,"Aug 6, 1994"
21,18,17,39,"Aug 7, 1994"
21,18,17,39,"Aug 22, 1994"
21,18,17,38,"Aug 24, 1994"
8,20,7,16,"Aug 25, 1994"
8,20,7,101,"Aug 27-28, 1994"
21,10,24,38,"Sep 4, 1994"
21,10,20,38,"Sep 5, 1994"
3,18,3,39,"Sep 7, 1994"
3,10,10,38,"Sep 9, 1994"
21,18,20,39,"Sep 11, 1994"
21,2,20,37,"Sep 13, 1994"
21,10,10,39,"Sep 17, 1994"
3,20,3,93,"Oct 12, 1994"
18,2,3,110,"Oct 14, 1994"
18,20,17,83,"Oct 16, 1994"
10,24,22,57,"Oct 17, 1994"
3,20,3,56,"Oct 18, 1994"
10,24,10,111,"Oct 20, 1994"
18,20,17,143,"Oct 20, 1994"
18,2,17,143,"Oct 22, 1994"
10,24,10,33,"Oct 23, 1994"
3,20,3,131,"Oct 24, 1994"
16,24,24,102,"Oct 26, 1994"
10,16,10,170,"Oct 28, 1994"
18,20,17,56,"Oct 28, 1994"
10,24,22,82,"Oct 30, 1994"
18,2,3,93,"Oct 30, 1994"
16,24,22,65,"Nov 1, 1994"
10,16,10,44,"Nov 3, 1994"
24,21,20,69,"Nov 3, 1994"
24,21,23,69,"Nov 5, 1994"
10,24,10,90,"Nov 5, 1994"
24,21,20,69,"Nov 6, 1994"
10,24,10,172,"Nov 7, 1994"
10,24,10,40,"Nov 9, 1994"
10,24,10,76,"Nov 11, 1994"
3,25,3,130,"Dec 2, 1994"
18,21,17,53,"Dec 2, 1994"
18,21,17,29,"Dec 4, 1994"
3,7,3,159,"Dec 6, 1994"
20,16,19,26,"Dec 6, 1994"
3,25,3,70,"Dec 8, 1994"
16,21,24,17,"Dec 8, 1994"
20,18,19,80,"Dec 10, 1994"
20,16,19,29,"Dec 11, 1994"
16,18,17,133,"Dec 13, 1994"
8,25,23,159,"Dec 15, 1994"
20,21,20,17,"Dec 15, 1994"
20,18,17,53,"Dec 17, 1994"
16,21,20,54,"Dec 18, 1994"
16,18,17,54,"Dec 19, 1994"
20,21,19,133,"Dec 21, 1994"
8,25,7,20,"Jan 7, 1995"
3,7,7,103,"Jan 10, 1995"
20,18,19,26,"Jan 10, 1995"
20,18,19,80,"Jan 12, 1995"
16,24,22,8,"Jan 22, 1995"
16,24,22,173,"Jan 25, 1995"
16,24,22,36,"Jan 28, 1995"
3,20,3,173,"Feb 15, 1995"
16,10,15,120,"Feb 16, 1995"
10,20,19,68,"Feb 18, 1995"
16,2,3,8,"Feb 19, 1995"
3,10,10,52,"Feb 22, 1995"
24,18,25,69,"Feb 22, 1995"
16,20,15,36,"Feb 23-24, 1995"
24,18,17,69,"Feb 25, 1995"
16,2,3,8,"Feb 26, 1995"
24,18,23,69,"Feb 26, 1995"
23,2,22,19,"Mar 8, 1995"
23,2,3,135,"Mar 11, 1995"
23,2,22,135,"Mar 12, 1995"
23,2,22,88,"Mar 15, 1995"
23,2,22,60,"Mar 18, 1995"
16,21,15,36,"Mar 26, 1995"
16,21,15,68,"Mar 29, 1995"
16,21,20,8,"Apr 1, 1995"
4,10,10,150,"Apr 5, 1995"
4,21,20,150,"Apr 6, 1995"
10,18,17,150,"Apr 7, 1995"
4,18,17,150,"Apr 8, 1995"
10,21,10,150,"Apr 9, 1995"
18,21,20,150,"Apr 11, 1995"
10,21,10,150,"Apr 14, 1995"
8,24,22,126,"May 24-25, 1995"
8,24,7,165,"May 26, 1995"
8,24,7,98,"May 28, 1995"
18,21,17,64,"Sep 29, 1995"
18,21,20,56,"Oct 1, 1995"
18,21,20,143,"Oct 3, 1995"
21,24,20,150,"Oct 11, 1995"
18,21,17,150,"Oct 12, 1995"
18,24,17,150,"Oct 13, 1995"
18,24,22,150,"Oct 15, 1995"
21,24,22,150,"Oct 16, 1995"
18,21,20,150,"Oct 17, 1995"
21,24,20,150,"Oct 20, 1995"
24,20,19,69,"Oct 21, 1995"
24,20,19,69,"Oct 22, 1995"
10,16,15,78,"Nov 15, 1995"
10,16,10,6,"Nov 18, 1995"
10,16,10,138,"Nov 24, 1995"
10,16,15,113,"Nov 26, 1995"
10,16,10,112,"Nov 29, 1995"
16,18,17,52,"Dec 15, 1995"
21,24,20,2,"Dec 15, 1995"
16,18,15,36,"Dec 17, 1995"
3,24,3,2,"Dec 17, 1995"
3,24,3,103,"Dec 19, 1995"
16,18,17,173,"Dec 20, 1995"
3,21,3,159,"Dec 21, 1995"
16,18,15,8,"Dec 23, 1995"
3,24,3,159,"Jan 1, 1996"
21,24,22,70,"Jan 3, 1996"
21,24,22,20,"Jan 5, 1996"
3,24,22,20,"Jan 7, 1996"
3,21,20,103,"Jan 9, 1996"
20,7,19,26,"Jan 9, 1996"
20,7,7,17,"Jan 11, 1996"
3,21,3,130,"Jan 12, 1996"
20,7,19,80,"Jan 13, 1996"
21,24,20,130,"Jan 14, 1996"
20,7,19,29,"Jan 14, 1996"
3,21,20,103,"Jan 16, 1996"
20,7,19,53,"Jan 17, 1996"
3,21,3,103,"Jan 18, 1996"
20,7,19,54,"Jan 19, 1996"
3,21,3,159,"Jan 20, 1996"
20,7,19,133,"Jan 21, 1996"
16,25,15,8,"Jan 28, 1996"
16,25,15,173,"Jan 31, 1996"
16,25,23,120,"Feb 3, 1996"
8,16,15,3,"Feb 14, 1996"
20,22,19,143,"Feb 16, 1996"
23,25,22,72,"Feb 16, 1996"
15,16,15,170,"Feb 17, 1996"
10,12,10,40,"Feb 18, 1996"
8,22,7,131,"Feb 18, 1996"
16,20,19,56,"Feb 20, 1996"
21,25,20,39,"Feb 21, 1996"
10,24,10,66,"Feb 21, 1996"
8,15,7,131,"Feb 22, 1996"
3,12,3,172,"Feb 23, 1996"
18,22,17,64,"Feb 24, 1996"
8,20,19,143,"Feb 25, 1996"
12,25,24,129,"Feb 26, 1996"
18,15,17,93,"Feb 26, 1996"
12,25,23,129,"Feb 27, 1996"
16,22,15,56,"Feb 27, 1996"
10,2,3,111,"Feb 27, 1996"
12,24,12,138,"Feb 29, 1996"
18,20,19,83,"Feb 29, 1996"
3,25,3,113,"Mar 1, 1996"
15,22,21,93,"Mar 1, 1996"
10,21,20,44,"Mar 2, 1996"
18,7,17,83,"Mar 3, 1996"
3,24,22,76,"Mar 4, 1996"
15,20,19,143,"Mar 5, 1996"
10,25,10,82,"Mar 6, 1996"
21,12,20,81,"Mar 6, 1996"
18,16,17,93,"Mar 6, 1996"
8,21,20,56,"Mar 9, 1996"
10,18,10,13,"Mar 9, 1996"
20,24,22,83,"Mar 11, 1996"
3,16,3,33,"Mar 11, 1996"
10,21,20,90,"Mar 13, 1996"
3,24,3,105,"Mar 14, 1996"
3,21,20,93,"Mar 17, 1996"
23,16,22,87,"Mar 26, 1996"
23,16,15,135,"Mar 29, 1996"
23,16,22,135,"Mar 30, 1996"
18,21,24,153,"Apr 1, 1996"
18,21,20,153,"Apr 2, 1996"
10,21,10,153,"Apr 3, 1996"
23,16,15,60,"Apr 3, 1996"
10,18,17,153,"Apr 5, 1996"
23,16,22,88,"Apr 6, 1996"
18,21,17,153,"Apr 7, 1996"
10,18,17,150,"Apr 12, 1996"
18,20,19,150,"Apr 13, 1996"
23,21,20,135,"Apr 13, 1996"
10,20,19,150,"Apr 14, 1996"
10,18,10,150,"Apr 15, 1996"
18,20,19,150,"Apr 16, 1996"
10,20,19,150,"Apr 17, 1996"
10,20,19,150,"Apr 19, 1996"
8,10,24,165,"May 23-24, 1996"
8,10,7,95,"May 25, 1996"
8,10,7,101,"May 26-27, 1996"
3,25,3,38,"Aug 26, 1996"
21,10,20,38,"Aug 28, 1996"
8,18,7,101,"Aug 29, 1996"
21,2,20,38,"Aug 30, 1996"
8,18,7,16,"Aug 31, 1996"
10,25,10,39,"Sep 1, 1996"
8,18,17,126,"Sep 1, 1996"
21,25,20,39,"Sep 3, 1996"
3,10,3,39,"Sep 6, 1996"
21,2,20,38,"Sep 7, 1996"
10,18,10,167,"Sep 16, 1996"
10,18,17,167,"Sep 17, 1996"
10,18,10,167,"Sep 18, 1996"
10,18,17,167,"Sep 21, 1996"
10,18,17,167,"Sep 23, 1996"
12,21,20,117,"Sep 28, 1996"
18,20,19,117,"Sep 29, 1996"
20,21,20,116,"Oct 1, 1996"
12,18,17,115,"Oct 2, 1996"
12,20,19,117,"Oct 3, 1996"
18,21,17,117,"Oct 4, 1996"
18,20,19,117,"Oct 6, 1996"
10,20,19,72,"Oct 17, 1996"
3,20,19,75,"Oct 19, 1996"
10,2,10,13,"Oct 21, 1996"
10,20,19,76,"Oct 23, 1996"
3,20,19,57,"Oct 25, 1996"
10,20,19,141,"Oct 29, 1996"
18,25,17,140,"Oct 30, 1996"
3,20,19,65,"Nov 1, 1996"
18,25,17,93,"Nov 1, 1996"
18,25,17,131,"Nov 3, 1996"
10,2,10,105,"Nov 3, 1996"
10,20,10,111,"Nov 6, 1996"
16,21,15,150,"Nov 7, 1996"
18,21,20,150,"Nov 8, 1996"
16,18,17,150,"Nov 10, 1996"
16,21,25,150,"Nov 11, 1996"
18,21,17,150,"Nov 12, 1996"
16,18,17,150,"Nov 13, 1996"
16,18,17,150,"Nov 15, 1996"
18,16,17,64,"Dec 4, 1996"
3,24,3,103,"Dec 6, 1996"
18,16,17,152,"Dec 6, 1996"
3,24,3,159,"Dec 8, 1996"
18,16,15,83,"Dec 8, 1996"
10,20,10,111,"Dec 14, 1996"
3,18,17,2,"Dec 15, 1996"
24,7,23,22,"Dec 15, 1996"
18,24,22,2,"Dec 17, 1996"
3,18,17,159,"Jan 1, 1997"
24,7,23,69,"Jan 1, 1997"
18,24,22,20,"Jan 3, 1997"
24,7,23,69,"Jan 3, 1997"
3,24,22,20,"Jan 5, 1997"
3,18,17,70,"Jan 7, 1997"
18,24,22,130,"Jan 10, 1997"
3,24,22,130,"Jan 12, 1997"
18,24,17,159,"Jan 14, 1997"
3,18,3,103,"Jan 16, 1997"
18,24,17,159,"Jan 18, 1997"
18,24,17,103,"Jan 20, 1997"
20,10,19,17,"Jan 23, 1997"
20,25,19,29,"Jan 25, 1997"
10,25,25,127,"Jan 27, 1997"
20,25,19,26,"Jan 29, 1997"
20,25,19,80,"Jan 31, 1997"
20,10,19,133,"Feb 2, 1997"
20,10,19,54,"Feb 4, 1997"
10,25,23,29,"Feb 7, 1997"
10,25,10,14,"Feb 9, 1997"
20,10,24,53,"Feb 12, 1997"
20,10,19,53,"Feb 13, 1997"
24,10,23,22,"Feb 15, 1997"
16,7,7,36,"Feb 20, 1997"
16,7,7,8,"Feb 23, 1997"
16,7,25,120,"Feb 26, 1997"
16,7,15,8,"Mar 2, 1997"
16,7,15,173,"Mar 4, 1997"
16,21,20,36,"Mar 25, 1997"
16,21,15,173,"Mar 27, 1997"
20,2,19,54,"Mar 29, 1997"
20,2,3,133,"Mar 31, 1997"
20,2,19,26,"Apr 2, 1997"
21,25,20,150,"Apr 3, 1997"
18,21,20,150,"Apr 4, 1997"
20,2,3,53,"Apr 5, 1997"
18,25,17,150,"Apr 6, 1997"
18,21,20,150,"Apr 7, 1997"
21,25,23,150,"Apr 8, 1997"
20,2,3,80,"Apr 8, 1997"
18,25,17,150,"Apr 9, 1997"
20,2,3,29,"Apr 10, 1997"
18,21,20,150,"Apr 11, 1997"
20,2,19,17,"Apr 13, 1997"
23,10,22,135,"Apr 26, 1997"
23,10,10,135,"Apr 27, 1997"
23,10,22,88,"Apr 30, 1997"
23,10,22,19,"May 3, 1997"
16,18,15,105,"May 9, 1997"
18,21,17,66,"May 12, 1997"
10,16,10,13,"May 14, 1997"
10,21,20,111,"May 17, 1997"
16,21,20,72,"May 20, 1997"
10,18,17,33,"May 21, 1997"
8,2,7,95,"May 22, 1997"
18,21,20,105,"May 24, 1997"
8,2,7,165,"May 24, 1997"
8,2,7,98,"May 25, 1997"
18,21,20,90,"May 27, 1997"
23,21,22,135,"Jun 6, 1997"
21,18,20,38,"Jul 14, 1997"
4,18,17,38,"Jul 16, 1997"
21,10,20,38,"Jul 18, 1997"
10,18,24,39,"Jul 20, 1997"
21,3,20,39,"Jul 22, 1997"
4,10,10,39,"Jul 24, 1997"
21,10,20,38,"Jul 26, 1997"
21,10,20,38,"Aug 17, 1997"
21,10,20,38,"Aug 20, 1997"
21,10,24,39,"Aug 23, 1997"
21,10,20,39,"Aug 24, 1997"
10,18,10,167,"Sep 13, 1997"
10,18,10,167,"Sep 14, 1997"
10,18,24,167,"Sep 17, 1997"
10,18,10,167,"Sep 18, 1997"
10,18,10,167,"Sep 20, 1997"
10,18,17,167,"Sep 21, 1997"
18,10,17,73,"Sep 28, 1997"
18,10,10,83,"Sep 30, 1997"
24,16,25,22,"Oct 1, 1997"
18,10,17,93,"Oct 2, 1997"
24,16,23,69,"Oct 4, 1997"
24,16,15,69,"Oct 5, 1997"
12,3,12,117,"Oct 10, 1997"
4,25,23,117,"Oct 11, 1997"
12,25,23,117,"Oct 12, 1997"
4,25,23,115,"Oct 14, 1997"
12,3,12,115,"Oct 15, 1997"
12,25,23,115,"Oct 16, 1997"
12,25,23,117,"Oct 18, 1997"
12,25,23,117,"Oct 19, 1997"
21,24,20,93,"Nov 1, 1997"
18,20,19,93,"Nov 2, 1997"
20,24,19,93,"Nov 3, 1997"
18,24,17,93,"Nov 4, 1997"
18,21,20,93,"Nov 5, 1997"
20,21,19,93,"Nov 6, 1997"
20,21,19,93,"Nov 8, 1997"
3,20,19,159,"Dec 4, 1997"
16,20,15,2,"Dec 6, 1997"
3,16,3,2,"Dec 7, 1997"
3,20,19,103,"Dec 9, 1997"
16,20,19,70,"Dec 11, 1997"
8,10,7,150,"Dec 11, 1997"
18,24,22,150,"Dec 12, 1997"
8,24,7,150,"Dec 13, 1997"
10,18,17,150,"Dec 14, 1997"
8,18,7,150,"Dec 15, 1997"
10,24,22,150,"Dec 16, 1997"
3,16,3,103,"Dec 17, 1997"
8,24,7,150,"Dec 19, 1997"
10,21,10,65,"Dec 22, 1997"
10,21,24,75,"Dec 25, 1997"
10,21,20,102,"Dec 28, 1997"
16,20,19,20,"Jan 9, 1998"
4,10,10,47,"Jan 10, 1998"
10,18,10,47,"Jan 11, 1998"
3,20,19,20,"Jan 11, 1998"
4,18,17,47,"Jan 12, 1998"
10,18,10,47,"Jan 14, 1998"
3,16,3,159,"Jan 14, 1998"
10,18,17,47,"Jan 16, 1998"
16,20,19,130,"Jan 16, 1998"
10,18,10,47,"Jan 18, 1998"
3,20,19,130,"Jan 18, 1998"
3,16,15,103,"Jan 21, 1998"
21,25,20,39,"Jan 22, 1998"
3,20,19,103,"Jan 23, 1998"
21,25,20,38,"Jan 24, 1998"
3,20,3,159,"Jan 26, 1998"
21,25,20,39,"Jan 26, 1998"
3,20,3,159,"Jan 27, 1998"
16,25,15,68,"Feb 4, 1998"
16,25,15,173,"Feb 6, 1998"
16,2,3,36,"Feb 8, 1998"
16,2,3,173,"Feb 10, 1998"
16,2,15,120,"Feb 12, 1998"
16,2,15,8,"Feb 14, 1998"
16,25,23,36,"Mar 4, 1998"
16,25,15,120,"Mar 6, 1998"
16,25,15,8,"Mar 8, 1998"
24,18,17,69,"Mar 28, 1998"
24,18,17,69,"Mar 29, 1998"
23,7,7,19,"Mar 29, 1998"
10,2,10,89,"Apr 1, 1998"
23,7,22,19,"Apr 1, 1998"
3,25,3,3,"Apr 3, 1998"
20,18,19,53,"Apr 3, 1998"
23,7,22,88,"Apr 4, 1998"
10,25,10,170,"Apr 5, 1998"
20,21,19,80,"Apr 5, 1998"
23,7,22,88,"Apr 5, 1998"
10,2,10,82,"Apr 7, 1998"
18,21,17,85,"Apr 7, 1998"
23,7,22,135,"Apr 8, 1998"
10,25,10,40,"Apr 9, 1998"
18,21,17,127,"Apr 9, 1998"
3,25,3,44,"Apr 11, 1998"
20,18,19,54,"Apr 11, 1998"
20,21,20,133,"Apr 13, 1998"
10,2,3,44,"Apr 14, 1998"
18,21,20,14,"Apr 15, 1998"
20,18,19,29,"Apr 17, 1998"
10,16,10,150,"Apr 17, 1998"
3,16,3,150,"Apr 18, 1998"
20,21,19,17,"Apr 19, 1998"
3,10,3,150,"Apr 19, 1998"
10,16,15,150,"Apr 20, 1998"
3,16,3,150,"Apr 21, 1998"
3,10,3,150,"Apr 22, 1998"
20,18,19,26,"Apr 23, 1998"
3,10,10,150,"Apr 24, 1998"
10,3,10,105,"May 14, 1998"
4,12,4,72,"May 17, 1998"
10,12,10,13,"May 20, 1998"
8,20,19,165,"May 21, 1998"
4,12,12,33,"May 23, 1998"
8,20,19,101,"May 23, 1998"
8,20,7,95,"May 24, 1998"
10,3,10,111,"May 25, 1998"
10,12,12,66,"May 28, 1998"
10,12,10,90,"May 31, 1998"
21,10,10,38,"Jun 19, 1998"
21,16,20,38,"Jun 21, 1998"
10,16,24,38,"Jun 23, 1998"
21,10,20,39,"Jul 1, 1998"
10,16,24,39,"Jul 3, 1998"
21,16,20,39,"Jul 5, 1998"
21,10,10,38,"Jul 7, 1998"
20,21,20,126,"Aug 14, 1998"
8,21,7,98,"Aug 16, 1998"
8,20,19,16,"Aug 18, 1998"
8,21,20,98,"Aug 20, 1998"
10,18,10,167,"Sep 12, 1998"
10,18,17,167,"Sep 13, 1998"
10,18,17,167,"Sep 16, 1998"
10,18,17,167,"Sep 19, 1998"
10,18,17,167,"Sep 20, 1998"
24,10,10,22,"Sep 26, 1998"
24,10,10,22,"Sep 27, 1998"
24,10,23,69,"Sep 30, 1998"
16,25,15,47,"Oct 24, 1998"
8,20,19,47,"Oct 25, 1998"
16,21,20,47,"Oct 26, 1998"
3,10,10,47,"Oct 28, 1998"
18,24,22,47,"Oct 29, 1998"
20,21,19,47,"Oct 30, 1998"
10,24,22,47,"Oct 31, 1998"
20,24,19,47,"Nov 1, 1998"
18,2,3,83,"Nov 6, 1998"
10,21,10,150,"Nov 6, 1998"
21,25,23,150,"Nov 7, 1998"
18,2,3,131,"Nov 8, 1998"
10,25,10,150,"Nov 8, 1998"
10,21,10,150,"Nov 9, 1998"
18,2,3,93,"Nov 10, 1998"
21,25,23,150,"Nov 10, 1998"
10,25,23,150,"Nov 11, 1998"
10,25,10,150,"Nov 13, 1998"
18,25,17,64,"Nov 20, 1998"
18,25,23,151,"Nov 22, 1998"
18,25,17,143,"Nov 24, 1998"
16,10,15,163,"Jan 9, 1999"
3,7,7,20,"Jan 10, 1999"
8,21,7,20,"Jan 11, 1999"
16,10,10,120,"Jan 12, 1999"
3,21,3,159,"Jan 13, 1999"
16,10,24,173,"Jan 14, 1999"
3,7,3,103,"Jan 15, 1999"
16,10,10,8,"Jan 16, 1999"
3,7,7,159,"Jan 17, 1999"
16,10,15,36,"Jan 19, 1999"
8,21,7,103,"Jan 19, 1999"
3,21,20,70,"Jan 21, 1999"
20,24,19,80,"Jan 22, 1999"
8,21,20,2,"Jan 23, 1999"
3,21,3,2,"Jan 24, 1999"
20,24,22,54,"Jan 24, 1999"
3,7,3,2,"Jan 26, 1999"
20,24,19,53,"Jan 27, 1999"
8,21,7,130,"Jan 29, 1999"
20,24,19,133,"Jan 30, 1999"
3,21,3,130,"Jan 31, 1999"
20,24,19,26,"Feb 2, 1999"
8,21,20,159,"Feb 3, 1999"
3,7,3,159,"Feb 5, 1999"
20,24,19,17,"Feb 5, 1999"
3,21,3,103,"Feb 7, 1999"
20,24,19,29,"Feb 7, 1999"
3,7,3,159,"Feb 10, 1999"
3,7,3,103,"Feb 13, 1999"
16,20,15,52,"Feb 14, 1999"
16,20,19,36,"Feb 17, 1999"
16,20,15,8,"Feb 20, 1999"
4,18,17,47,"Mar 16, 1999"
18,21,17,78,"Mar 19, 1999"
12,25,23,47,"Mar 19, 1999"
4,12,12,47,"Mar 20, 1999"
4,25,23,47,"Mar 21, 1999"
10,21,10,113,"Mar 22, 1999"
12,25,23,47,"Mar 23, 1999"
10,18,17,76,"Mar 24, 1999"
4,12,12,47,"Mar 24, 1999"
16,20,24,120,"Mar 25, 1999"
4,25,23,47,"Mar 25, 1999"
16,20,19,120,"Mar 26, 1999"
16,20,19,8,"Mar 27, 1999"
18,21,20,172,"Mar 27, 1999"
12,25,23,47,"Mar 27, 1999"
16,20,24,173,"Mar 30, 1999"
10,21,10,138,"Mar 30, 1999"
10,18,17,105,"Apr 1, 1999"
10,18,17,13,"Apr 4, 1999"
8,18,17,150,"Apr 7, 1999"
10,18,17,150,"Apr 8, 1999"
8,10,10,150,"Apr 9, 1999"
8,10,10,150,"Apr 11, 1999"
23,2,22,88,"Apr 11, 1999"
8,18,7,150,"Apr 12, 1999"
10,18,10,150,"Apr 13, 1999"
23,2,3,156,"Apr 14, 1999"
10,18,17,150,"Apr 16, 1999"
23,2,22,135,"Apr 17, 1999"
23,2,3,135,"Apr 18, 1999"
23,2,25,60,"Apr 21, 1999"
23,2,3,19,"Apr 24, 1999"
23,2,22,19,"Apr 25, 1999"
8,21,7,98,"May 14, 1999"
10,20,19,71,"May 15, 1999"
12,25,23,162,"May 15, 1999"
3,19,3,175,"May 16, 1999"
18,24,17,21,"May 16, 1999"
4,16,15,32,"May 17, 1999"
8,12,7,25,"May 18, 1999"
10,25,23,96,"May 19, 1999"
20,21,19,125,"May 19, 1999"
3,16,15,27,"May 20, 1999"
18,19,17,34,"May 20, 1999"
4,24,22,50,"May 21, 1999"
8,20,19,165,"May 22, 1999"
21,25,20,175,"May 22, 1999"
10,12,10,21,"May 23, 1999"
3,18,17,95,"May 23, 1999"
19,3,4,55,"May 24, 1999"
16,24,22,154,"May 24, 1999"
8,25,7,126,"May 25, 1999"
12,20,19,7,"May 26, 1999"
10,21,10,162,"May 26, 1999"
3,3,3,34,"May 27, 1999"
19,24,22,96,"May 27, 1999"
16,18,17,45,"May 28, 1999"
8,10,10,16,"May 29-30, 1999"
20,25,23,32,"May 29, 1999"
12,21,20,154,"May 30, 1999"
3,24,3,101,"May 30, 1999"
4,18,4,125,"May 31, 1999"
19,16,15,55,"May 31, 1999"
3,10,3,165,"Jun 4, 1999"
18,20,19,126,"Jun 5, 1999"
16,25,24,95,"Jun 6-7, 1999"
10,18,10,101,"Jun 8, 1999"
3,25,3,98,"Jun 9, 1999"
16,20,19,16,"Jun 10, 1999"
18,25,17,165,"Jun 11, 1999"
10,16,15,126,"Jun 12, 1999"
3,20,3,95,"Jun 13, 1999"
16,18,17,101,"Jun 16, 1999"
3,20,25,16,"Jun 17, 1999"
3,18,3,98,"Jun 20, 1999"
21,2,3,59,"Aug 22, 1999"
3,10,3,59,"Aug 23, 1999"
21,10,20,38,"Aug 25, 1999"
21,2,3,38,"Aug 26, 1999"
3,10,3,39,"Aug 28, 1999"
21,10,10,39,"Aug 29, 1999"
21,2,20,38,"Aug 31, 1999"
23,25,22,153,"Sep 2, 1999"
10,25,10,153,"Sep 4, 1999"
10,24,22,153,"Sep 5, 1999"
10,24,24,153,"Sep 7, 1999"
10,24,22,153,"Sep 8, 1999"
10,24,10,167,"Sep 11, 1999"
10,24,22,167,"Sep 12, 1999"
10,24,10,167,"Sep 14, 1999"
18,24,17,167,"Sep 16, 1999"
18,24,17,167,"Sep 18, 1999"
18,24,17,167,"Sep 19, 1999"
12,25,23,117,"Sep 25, 1999"
10,20,10,117,"Sep 26, 1999"
20,25,19,117,"Sep 28, 1999"
12,10,10,117,"Sep 29, 1999"
12,20,19,117,"Sep 30, 1999"
10,25,10,117,"Oct 1, 1999"
10,20,19,117,"Oct 3, 1999"
4,24,22,47,"Oct 8, 1999"
4,24,22,47,"Oct 9, 1999"
21,24,22,150,"Oct 13, 1999"
18,24,17,150,"Oct 14, 1999"
18,21,25,150,"Oct 15, 1999"
21,24,20,150,"Oct 17, 1999"
18,21,17,150,"Oct 18, 1999"
18,24,17,150,"Oct 19, 1999"
24,2,3,22,"Oct 21, 1999"
18,21,17,150,"Oct 22, 1999"
24,2,3,69,"Oct 23, 1999"
24,2,3,69,"Oct 24, 1999"
10,16,15,141,"Nov 5, 1999"
10,16,10,72,"Nov 8, 1999"
10,16,10,66,"Nov 11, 1999"
10,16,15,65,"Nov 14, 1999"
10,16,10,44,"Nov 17, 1999"
24,21,24,22,"Dec 11, 1999"
24,21,20,22,"Dec 12, 1999"
24,21,20,69,"Dec 15, 1999"
24,21,20,69,"Dec 18, 1999"
24,21,23,69,"Dec 19, 1999"
16,24,15,8,"Jan 2, 2000"
16,24,15,163,"Jan 4, 2000"
16,24,15,120,"Jan 6, 2000"
16,24,15,173,"Jan 8-9, 2000"
3,18,17,20,"Jan 9, 2000"
10,18,17,20,"Jan 10, 2000"
16,24,15,36,"Jan 11, 2000"
3,10,3,103,"Jan 12, 2000"
3,10,3,159,"Jan 14, 2000"
3,18,3,103,"Jan 16, 2000"
3,18,3,159,"Jan 19, 2000"
10,18,17,70,"Jan 21, 2000"
20,25,19,80,"Jan 21, 2000"
3,18,3,103,"Jan 23, 2000"
20,7,7,17,"Jan 23, 2000"
10,18,10,2,"Jan 25, 2000"
3,10,3,2,"Jan 26, 2000"
20,7,19,26,"Jan 26, 2000"
10,18,17,130,"Jan 28, 2000"
8,25,23,26,"Jan 28, 2000"
3,10,3,130,"Jan 30, 2000"
8,25,7,85,"Jan 30, 2000"
3,18,3,103,"Feb 2, 2000"
20,25,23,53,"Feb 2, 2000"
3,18,3,159,"Feb 4, 2000"
20,7,19,54,"Feb 4, 2000"
20,25,19,133,"Feb 6, 2000"
18,21,20,83,"Feb 13, 2000"
20,7,19,80,"Feb 13, 2000"
18,21,20,64,"Feb 16, 2000"
24,7,7,22,"Feb 16, 2000"
16,2,24,173,"Feb 17, 2000"
24,7,7,22,"Feb 18, 2000"
16,2,3,8,"Feb 19, 2000"
18,21,20,93,"Feb 19, 2000"
24,7,7,69,"Feb 20, 2000"
16,2,3,52,"Feb 23, 2000"
16,2,3,36,"Feb 26, 2000"
16,2,3,120,"Mar 1, 2000"
16,2,15,8,"Mar 3, 2000"
10,20,10,89,"Mar 9, 2000"
10,20,10,78,"Mar 12, 2000"
10,20,19,57,"Mar 15, 2000"
10,20,10,170,"Mar 17, 2000"
10,20,19,113,"Mar 19, 2000"
10,20,19,150,"Mar 22, 2000"
10,18,10,150,"Mar 23, 2000"
18,20,19,150,"Mar 24, 2000"
10,18,17,150,"Mar 26, 2000"
10,20,19,150,"Mar 27, 2000"
18,20,17,150,"Mar 28, 2000"
18,20,17,150,"Mar 31, 2000"
23,25,22,87,"Apr 1, 2000"
23,25,22,87,"Apr 2, 2000"
18,25,17,157,"Apr 5, 2000"
20,2,19,53,"Apr 12, 2000"
23,18,22,88,"Apr 12, 2000"
20,2,3,26,"Apr 14, 2000"
18,25,17,156,"Apr 15, 2000"
20,2,19,80,"Apr 16, 2000"
23,18,22,156,"Apr 16, 2000"
23,18,17,19,"Apr 19, 2000"
23,18,22,135,"Apr 22, 2000"
23,18,17,135,"Apr 23, 2000"
4,21,20,47,"May 29, 2000"
4,10,10,47,"May 30-31, 2000"
10,21,20,47,"Jun 1, 2000"
4,18,17,47,"Jun 2, 2000"
10,18,17,47,"Jun 3, 2000"
18,21,17,47,"Jun 5, 2000"
18,21,17,47,"Jun 7, 2000"
21,18,20,59,"Jul 5, 2000"
21,20,20,59,"Jul 6, 2000"
23,25,23,21,"Jul 6, 2000"
18,20,19,38,"Jul 8, 2000"
8,25,23,165,"Jul 8, 2000"
21,18,20,38,"Jul 9, 2000"
8,24,24,98,"Jul 9, 2000"
21,20,20,39,"Jul 11, 2000"
23,25,23,25,"Jul 11, 2000"
18,20,19,39,"Jul 12, 2000"
8,25,7,101,"Jul 13, 2000"
21,20,20,38,"Jul 14, 2000"
8,24,7,34,"Jul 15, 2000"
23,25,23,34,"Jul 16, 2000"
8,25,7,16,"Jul 18, 2000"
8,24,22,126,"Jul 20, 2000"
8,25,7,98,"Jul 22, 2000"
3,20,3,104,"Aug 16, 2000"
3,20,25,104,"Aug 18, 2000"
3,20,19,104,"Aug 20, 2000"
16,18,17,153,"Aug 20, 2000"
18,20,17,153,"Aug 23, 2000"
16,20,19,153,"Aug 25, 2000"
18,20,19,153,"Aug 27, 2000"
24,16,15,69,"Sep 27, 2000"
24,16,23,22,"Sep 30, 2000"
24,16,23,22,"Oct 1, 2000"
12,10,10,117,"Oct 3, 2000"
21,24,20,117,"Oct 4, 2000"
4,7,7,117,"Oct 5, 2000"
3,10,10,117,"Oct 7, 2000"
18,21,17,117,"Oct 8, 2000"
16,25,15,117,"Oct 9, 2000"
8,20,19,117,"Oct 10, 2000"
16,18,15,117,"Oct 11, 2000"
10,20,10,117,"Oct 13, 2000"
10,16,15,117,"Oct 15, 2000"
10,21,20,150,"Oct 20, 2000"
20,16,24,136,"Oct 20, 2000"
21,25,20,150,"Oct 21, 2000"
20,16,19,14,"Oct 22, 2000"
10,25,10,150,"Oct 22, 2000"
18,7,7,83,"Oct 24, 2000"
21,25,20,150,"Oct 25, 2000"
20,16,19,29,"Oct 25, 2000"
10,25,10,150,"Oct 26, 2000"
18,7,17,93,"Oct 27, 2000"
10,21,20,150,"Oct 27, 2000"
20,16,19,85,"Oct 28, 2000"
10,21,20,150,"Oct 29, 2000"
18,7,17,143,"Oct 30, 2000"
20,16,19,53,"Nov 1, 2000"
20,16,19,26,"Nov 4, 2000"
10,25,10,40,"Dec 2, 2000"
10,25,10,3,"Dec 5, 2000"
10,25,23,79,"Dec 8, 2000"
10,25,10,82,"Dec 11, 2000"
10,25,10,141,"Dec 14, 2000"
20,21,19,133,"Dec 15, 2000"
20,21,19,54,"Dec 17, 2000"
16,25,23,163,"Jan 2, 2001"
16,25,15,173,"Jan 4, 2001"
16,25,23,8,"Jan 7, 2001"
20,21,19,127,"Jan 9, 2001"
3,24,3,103,"Jan 11, 2001"
20,21,19,26,"Jan 11, 2001"
23,25,22,20,"Jan 13, 2001"
3,24,3,20,"Jan 14, 2001"
20,21,19,17,"Jan 14, 2001"
3,24,3,159,"Jan 17, 2001"
20,21,20,80,"Jan 17, 2001"
3,25,3,103,"Jan 21, 2001"
23,25,23,159,"Jan 23, 2001"
23,25,22,2,"Jan 25, 2001"
3,24,3,2,"Jan 26, 2001"
3,25,3,159,"Jan 28, 2001"
3,25,3,70,"Jan 30, 2001"
16,21,20,120,"Jan 31, 2001"
23,25,22,130,"Feb 2, 2001"
16,21,20,173,"Feb 3, 2001"
3,25,3,130,"Feb 4, 2001"
16,21,20,8,"Feb 6, 2001"
3,24,3,159,"Feb 7, 2001"
16,21,20,68,"Feb 8, 2001"
3,24,3,103,"Feb 9, 2001"
16,21,15,36,"Feb 11, 2001"
16,18,17,8,"Feb 17-18, 2001"
16,18,15,120,"Feb 20, 2001"
16,18,17,173,"Feb 22, 2001"
16,18,15,36,"Feb 25, 2001"
16,18,15,52,"Feb 28, 2001"
21,7,20,41,"Mar 23, 2001"
21,7,20,38,"Mar 25, 2001"
10,2,10,13,"Mar 25, 2001"
21,7,20,39,"Mar 27, 2001"
10,2,3,138,"Mar 28, 2001"
10,2,10,75,"Mar 31, 2001"
10,2,3,172,"Apr 3, 2001"
10,2,3,102,"Apr 6, 2001"
24,3,23,69,"Apr 7, 2001"
24,3,23,69,"Apr 8, 2001"
18,21,17,150,"Apr 8, 2001"
16,21,20,150,"Apr 10, 2001"
24,3,23,22,"Apr 11, 2001"
16,18,17,150,"Apr 12, 2001"
18,21,17,150,"Apr 13, 2001"
16,18,17,150,"Apr 15, 2001"
16,21,15,150,"Apr 17, 2001"
18,21,20,150,"Apr 20, 2001"
23,20,22,87,"Apr 28, 2001"
23,20,19,157,"May 2, 2001"
23,20,19,156,"May 5, 2001"
23,20,19,156,"May 6, 2001"
23,20,19,19,"May 9, 2001"
23,20,19,135,"May 12, 2001"
23,20,22,88,"May 16, 2001"
8,18,17,16,"Jun 7, 2001"
3,18,3,27,"Jun 9, 2001"
8,2,3,21,"Jun 10, 2001"
8,18,17,98,"Jun 12, 2001"
8,2,3,101,"Jun 14, 2001"
8,18,17,95,"Jun 17, 2001"
3,18,17,126,"Jun 19, 2001"
8,2,3,165,"Jun 21, 2001"
24,24,22,69,"Jun 23, 2001"
3,18,3,98,"Jun 23, 2001"
24,10,10,69,"Jun 24, 2001"
24,10,10,22,"Jun 27, 2001"
10,24,10,22,"Jun 30, 2001"
24,24,22,22,"Jul 1, 2001"
10,24,10,69,"Jul 4, 2001"
10,24,22,69,"Jul 7, 2001"
21,16,20,38,"Jul 18, 2001"
10,16,15,38,"Jul 20, 2001"
21,10,20,38,"Jul 22, 2001"
21,16,20,38,"Jul 25, 2001"
10,16,15,38,"Jul 26, 2001"
21,10,10,38,"Jul 28, 2001"
21,16,20,39,"Jul 31, 2001"
21,10,10,39,"Aug 1, 2001"
10,16,10,39,"Aug 2, 2001"
21,10,20,38,"Aug 5, 2001"
12,24,22,114,"Aug 15, 2001"
12,24,22,117,"Aug 18, 2001"
12,24,22,117,"Aug 19, 2001"
24,20,19,22,"Sep 23, 2001"
24,20,19,69,"Sep 29, 2001"
24,20,19,69,"Sep 30, 2001"
24,7,7,69,"Oct 3, 2001"
20,10,19,80,"Oct 5, 2001"
24,7,7,69,"Oct 6, 2001"
24,7,7,69,"Oct 7, 2001"
20,12,19,14,"Oct 7, 2001"
24,7,7,22,"Oct 10, 2001"
20,10,10,29,"Oct 10, 2001"
10,12,10,17,"Oct 12, 2001"
24,7,7,22,"Oct 13, 2001"
20,12,19,85,"Oct 14, 2001"
10,12,12,133,"Oct 17, 2001"
20,10,19,54,"Oct 19, 2001"
20,12,19,26,"Oct 22, 2001"
10,12,10,127,"Oct 24, 2001"
21,25,20,150,"Oct 26, 2001"
20,10,19,53,"Oct 26, 2001"
18,21,20,150,"Oct 27, 2001"
18,25,17,150,"Oct 28, 2001"
21,25,20,150,"Oct 30, 2001"
18,25,17,150,"Oct 31, 2001"
18,21,17,150,"Nov 2, 2001"
18,21,17,150,"Nov 4, 2001"
4,25,23,35,"Nov 23, 2001"
4,25,23,47,"Nov 25, 2001"
4,25,23,47,"Nov 26, 2001"
21,25,20,39,"Dec 8, 2001"
23,25,23,39,"Dec 9, 2001"
21,24,22,38,"Dec 11, 2001"
21,25,20,38,"Dec 12, 2001"
21,24,20,81,"Dec 15, 2001"
23,25,22,81,"Dec 16, 2001"
21,24,20,38,"Dec 19, 2001"
3,16,15,103,"Jan 11, 2002"
3,20,19,103,"Jan 13, 2002"
16,20,19,70,"Jan 15, 2002"
3,16,15,159,"Jan 17, 2002"
16,20,15,20,"Jan 19, 2002"
10,7,10,90,"Jan 19, 2002"
3,20,3,20,"Jan 20, 2002"
4,18,17,35,"Jan 22, 2002"
3,20,3,159,"Jan 22, 2002"
10,7,7,40,"Jan 22, 2002"
4,18,17,47,"Jan 24, 2002"
4,18,17,47,"Jan 25, 2002"
10,7,10,33,"Jan 25, 2002"
3,16,15,2,"Jan 26, 2002"
16,20,19,2,"Jan 27, 2002"
10,7,10,82,"Jan 28, 2002"
3,16,3,103,"Jan 29, 2002"
10,7,7,44,"Jan 31, 2002"
16,20,19,130,"Feb 1, 2002"
3,20,3,130,"Feb 3, 2002"
10,7,7,111,"Feb 3, 2002"
16,20,19,103,"Feb 6, 2002"
16,20,19,159,"Feb 8, 2002"
16,7,15,36,"Feb 13, 2002"
18,24,17,150,"Feb 14, 2002"
18,24,17,150,"Feb 15, 2002"
16,7,15,173,"Feb 16, 2002"
18,24,22,150,"Feb 17, 2002"
16,7,7,120,"Feb 20, 2002"
16,7,7,8,"Feb 23, 2002"
16,7,15,52,"Feb 26, 2002"
10,25,23,57,"Mar 7, 2002"
10,25,10,105,"Mar 10, 2002"
10,25,23,89,"Mar 13, 2002"
10,25,10,72,"Mar 16, 2002"
10,25,10,65,"Mar 19, 2002"
20,2,3,80,"Mar 22, 2002"
20,2,3,29,"Mar 24, 2002"
20,2,25,136,"Mar 27, 2002"
20,2,3,17,"Mar 30, 2002"
20,2,3,53,"Apr 3, 2002"
20,2,3,133,"Apr 6, 2002"
18,21,20,150,"Apr 8, 2002"
16,21,15,150,"Apr 9, 2002"
20,2,19,26,"Apr 9, 2002"
16,18,17,150,"Apr 11, 2002"
18,21,20,150,"Apr 12, 2002"
16,21,20,150,"Apr 14, 2002"
16,18,17,150,"Apr 15, 2002"
18,21,17,150,"Apr 17, 2002"
18,16,17,83,"Apr 21, 2002"
18,16,17,143,"Apr 24, 2002"
18,16,17,93,"Apr 27, 2002"
23,10,10,19,"May 29, 2002"
23,10,22,135,"Jun 1, 2002"
23,10,10,135,"Jun 2, 2002"
23,16,24,87,"Jun 5, 2002"
23,16,22,63,"Jun 8, 2002"
23,16,22,63,"Jun 9, 2002"
3,18,3,104,"Jun 12, 2002"
23,16,15,135,"Jun 12, 2002"
3,18,17,104,"Jun 15, 2002"
23,16,22,88,"Jun 16, 2002"
3,18,17,20,"Jun 19, 2002"
8,21,7,126,"Jun 27, 2002"
8,10,10,98,"Jun 29, 2002"
10,21,10,165,"Jun 30, 2002"
8,21,7,95,"Jul 2, 2002"
8,10,24,34,"Jul 4, 2002"
10,21,10,16,"Jul 6, 2002"
8,21,20,101,"Jul 7, 2002"
8,10,7,165,"Jul 9, 2002"
10,21,10,21,"Jul 11, 2002"
8,10,10,98,"Jul 13, 2002"
21,3,20,39,"Aug 4, 2002"
21,3,20,39,"Aug 5, 2002"
21,3,20,38,"Aug 7, 2002"
18,20,19,161,"Aug 12, 2002"
18,21,17,161,"Aug 14, 2002"
20,21,20,161,"Aug 15, 2002"
18,21,20,161,"Aug 17, 2002"
18,20,19,161,"Aug 18, 2002"
20,21,20,161,"Aug 19, 2002"
20,21,20,161,"Aug 21, 2002"
12,18,17,117,"Aug 29, 2002"
3,18,3,117,"Aug 30, 2002"
12,18,17,117,"Sep 1, 2002"
12,2,3,117,"Sep 2, 2002"
3,18,3,117,"Sep 4, 2002"
12,2,3,117,"Sep 5, 2002"
3,18,24,117,"Sep 7, 2002"
21,18,20,38,"Sep 12, 2002"
20,24,19,39,"Sep 13, 2002"
10,25,10,38,"Sep 14, 2002"
3,16,3,39,"Sep 15, 2002"
21,15,20,38,"Sep 16, 2002"
12,24,22,39,"Sep 17, 2002"
8,25,7,38,"Sep 18, 2002"
3,3,3,39,"Sep 19, 2002"
12,20,19,38,"Sep 20, 2002"
15,18,17,39,"Sep 21, 2002"
8,10,10,38,"Sep 22, 2002"
4,16,15,39,"Sep 23, 2002"
10,20,10,38,"Sep 25, 2002"
21,2,20,38,"Sep 27, 2002"
21,10,24,38,"Sep 29, 2002"
21,10,24,38,"Sep 30, 2002"
20,3,19,136,"Oct 3, 2002"
20,3,19,14,"Oct 6, 2002"
20,3,19,85,"Oct 9, 2002"
10,24,22,78,"Nov 6, 2002"
10,24,22,113,"Nov 9, 2002"
10,24,10,141,"Nov 12, 2002"
10,24,10,3,"Nov 15, 2002"
10,24,22,170,"Nov 18, 2002"
10,24,10,79,"Nov 21, 2002"
24,18,17,22,"Nov 23, 2002"
10,24,22,171,"Nov 24, 2002"
24,18,17,22,"Nov 24, 2002"
24,18,17,69,"Nov 27, 2002"
20,21,19,80,"Nov 27, 2002"
4,24,24,35,"Nov 29, 2002"
20,21,19,29,"Nov 29, 2002"
24,18,17,69,"Nov 30, 2002"
24,18,17,69,"Dec 1, 2002"
20,21,20,14,"Dec 1, 2002"
4,24,22,47,"Dec 2, 2002"
4,24,22,47,"Dec 3, 2002"
20,21,19,85,"Dec 4, 2002"
20,21,19,17,"Dec 6, 2002"
24,12,24,69,"Dec 8, 2002"
20,18,19,53,"Dec 8, 2002"
24,12,23,92,"Dec 11, 2002"
20,18,17,133,"Dec 11, 2002"
3,7,3,159,"Dec 13, 2002"
20,18,19,54,"Dec 13, 2002"
3,7,3,103,"Dec 15, 2002"
24,12,23,22,"Dec 15, 2002"
20,18,19,127,"Dec 16, 2002"
8,21,7,20,"Dec 17, 2002"
20,18,19,26,"Dec 18, 2002"
8,21,7,130,"Dec 20, 2002"
3,21,3,130,"Dec 22, 2002"
16,10,15,8,"Dec 26, 2002"
16,10,15,120,"Dec 29, 2002"
16,10,15,36,"Jan 1, 2003"
16,10,15,139,"Jan 4, 2003"
16,10,10,173,"Jan 8, 2003"
3,21,20,159,"Jan 9, 2003"
3,7,3,70,"Jan 11, 2003"
16,10,10,8,"Jan 11, 2003"
8,21,20,159,"Jan 13, 2003"
16,10,15,68,"Jan 14, 2003"
3,21,3,20,"Jan 15, 2003"
8,21,7,2,"Jan 17, 2003"
3,7,3,2,"Jan 19, 2003"
3,21,3,103,"Jan 21, 2003"
3,7,3,159,"Jan 23, 2003"
3,7,3,103,"Jan 25, 2003"
20,24,22,26,"Feb 9, 2003"
24,13,23,69,"Feb 10, 2003"
16,21,20,17,"Feb 10, 2003"
3,18,3,80,"Feb 11, 2003"
4,5,6,53,"Feb 11, 2003"
20,12,19,136,"Feb 12, 2003"
10,15,10,127,"Feb 12, 2003"
16,24,15,133,"Feb 13, 2003"
4,21,20,132,"Feb 14, 2003"
3,10,3,29,"Feb 15, 2003"
6,12,12,26,"Feb 15, 2003"
8,15,7,54,"Feb 16, 2003"
13,18,17,85,"Feb 16, 2003"
20,16,15,80,"Feb 16, 2003"
4,24,24,14,"Feb 18, 2003"
24,10,10,69,"Feb 19, 2003"
6,21,20,127,"Feb 19, 2003"
8,13,7,133,"Feb 19, 2003"
3,15,3,136,"Feb 20, 2003"
20,3,19,17,"Feb 22, 2003"
8,18,7,26,"Feb 22, 2003"
6,24,22,29,"Feb 23, 2003"
10,13,10,132,"Feb 23, 2003"
12,21,12,117,"Feb 24, 2003"
24,2,3,22,"Feb 24, 2003"
15,18,17,127,"Feb 25, 2003"
4,16,15,85,"Feb 26, 2003"
8,10,10,53,"Feb 26, 2003"
3,13,3,136,"Feb 27, 2003"
20,5,19,54,"Feb 27, 2003"
24,15,23,22,"Feb 28, 2003"
21,24,20,26,"Feb 28, 2003"
4,12,12,80,"Mar 1, 2003"
10,18,10,29,"Mar 1, 2003"
3,7,3,133,"Mar 2, 2003"
6,16,15,14,"Mar 3, 2003"
13,15,14,17,"Mar 3, 2003"
20,21,25,53,"Mar 3, 2003"
24,18,24,22,"Mar 4, 2003"
12,24,22,85,"Mar 4, 2003"
3,21,3,29,"Mar 7, 2003"
10,12,10,26,"Mar 7, 2003"
16,25,15,17,"Mar 8, 2003"
10,21,10,80,"Mar 10, 2003"
3,16,3,133,"Mar 11, 2003"
12,25,12,17,"Mar 12, 2003"
10,16,10,29,"Mar 14, 2003"
21,25,20,54,"Mar 15, 2003"
3,12,3,53,"Mar 15, 2003"
3,21,3,133,"Mar 18, 2003"
10,12,10,53,"Mar 20, 2003"
3,10,3,80,"Mar 23, 2003"
18,25,17,150,"Apr 3, 2003"
18,21,17,150,"Apr 4, 2003"
12,25,23,150,"Apr 5, 2003"
12,21,20,150,"Apr 6, 2003"
21,25,23,150,"Apr 7, 2003"
12,18,17,150,"Apr 8, 2003"
18,25,17,150,"Apr 10, 2003"
4,10,10,47,"Apr 11, 2003"
10,20,10,47,"Apr 13, 2003"
4,20,19,47,"Apr 14, 2003"
4,10,10,47,"Apr 16, 2003"
4,20,19,47,"Apr 17, 2003"
10,20,19,47,"Apr 18, 2003"
10,20,24,47,"Apr 21, 2003"
21,18,17,41,"May 10, 2003"
16,18,15,41,"May 11, 2003"
21,16,20,41,"May 13, 2003"
23,2,3,87,"May 17, 2003"
21,18,20,41,"May 18, 2003"
23,2,3,87,"May 18, 2003"
21,16,15,41,"May 19, 2003"
16,18,17,41,"May 20, 2003"
23,2,3,63,"May 21, 2003"
16,18,15,41,"May 23, 2003"
23,2,3,135,"May 24, 2003"
23,2,22,135,"May 25, 2003"
23,2,22,156,"May 30, 2003"
23,2,22,156,"Jun 1, 2003"
23,21,20,19,"Jun 7, 2003"
23,21,20,19,"Jun 8, 2003"
23,21,22,88,"Jun 11, 2003"
8,18,17,101,"Jun 17, 2003"
8,18,7,165,"Jun 20, 2003"
8,18,7,98,"Jun 22, 2003"
8,25,23,126,"Jun 26, 2003"
8,20,7,165,"Jun 28, 2003"
20,25,19,25,"Jun 29, 2003"
8,25,24,95,"Jul 1, 2003"
8,20,19,101,"Jul 3, 2003"
20,25,19,27,"Jul 5, 2003"
8,25,7,21,"Jul 6, 2003"
8,20,7,16,"Jul 8, 2003"
20,25,19,154,"Jul 10, 2003"
8,20,7,98,"Jul 12, 2003"
3,3,3,23,"Aug 2, 2003"
3,3,3,23,"Aug 3, 2003"
3,3,3,42,"Aug 6, 2003"
18,3,17,110,"Sep 9, 2003"
18,3,17,56,"Sep 12, 2003"
18,3,17,93,"Sep 15, 2003"
18,3,17,143,"Sep 18, 2003"
18,3,17,83,"Sep 21, 2003"
18,20,17,93,"Oct 3, 2003"
18,20,17,93,"Oct 5, 2003"
18,20,19,56,"Oct 7, 2003"
18,20,19,143,"Oct 10, 2003"
18,20,19,143,"Oct 12, 2003"
10,16,24,33,"Oct 23, 2003"
10,2,10,66,"Oct 26, 2003"
3,16,3,57,"Oct 29, 2003"
10,2,3,111,"Nov 1, 2003"
3,16,3,138,"Nov 3, 2003"
10,16,15,40,"Nov 6, 2003"
4,7,7,35,"Nov 7, 2003"
3,16,3,65,"Nov 9, 2003"
4,7,7,47,"Nov 10, 2003"
4,7,7,47,"Nov 12, 2003"
10,2,3,13,"Nov 12, 2003"
10,16,10,72,"Nov 15, 2003"
21,7,20,41,"Nov 18, 2003"
10,2,3,90,"Nov 18, 2003"
24,24,22,22,"Nov 22, 2003"
24,24,23,22,"Nov 23, 2003"
24,24,23,69,"Nov 26, 2003"
24,24,22,69,"Nov 29, 2003"
18,16,17,93,"Nov 29, 2003"
24,24,22,69,"Nov 30, 2003"
18,16,17,93,"Dec 1, 2003"
18,16,17,56,"Dec 3, 2003"
18,16,17,143,"Dec 5, 2003"
18,16,17,143,"Dec 7, 2003"
16,18,15,8,"Jan 3, 2004"
16,18,17,139,"Jan 7, 2004"
3,10,3,103,"Jan 9, 2004"
16,18,15,36,"Jan 10, 2004"
3,25,3,159,"Jan 11, 2004"
16,18,15,120,"Jan 14, 2004"
10,25,10,70,"Jan 14, 2004"
3,25,3,70,"Jan 16, 2004"
16,18,15,173,"Jan 17, 2004"
3,10,10,20,"Jan 18, 2004"
10,25,10,20,"Jan 20, 2004"
3,10,3,159,"Jan 22, 2004"
10,25,10,2,"Jan 24, 2004"
20,24,19,26,"Jan 25, 2004"
3,25,3,2,"Jan 26, 2004"
20,24,19,133,"Jan 28, 2004"
3,25,24,103,"Jan 29, 2004"
20,24,24,53,"Jan 30, 2004"
3,10,3,130,"Feb 1, 2004"
20,24,22,29,"Feb 1, 2004"
10,25,10,130,"Feb 3, 2004"
20,24,19,80,"Feb 4, 2004"
3,10,3,103,"Feb 6, 2004"
3,10,3,159,"Feb 8, 2004"
16,20,19,8,"Feb 13, 2004"
16,20,15,36,"Feb 17, 2004"
16,20,15,173,"Feb 20, 2004"
21,2,3,41,"Feb 20, 2004"
21,2,20,41,"Feb 22, 2004"
16,20,15,52,"Feb 25, 2004"
21,2,3,38,"Feb 25, 2004"
21,2,3,38,"Feb 27, 2004"
16,20,15,8,"Feb 29, 2004"
21,2,20,39,"Feb 29, 2004"
16,20,15,120,"Mar 2, 2004"
24,3,4,69,"Mar 10, 2004"
24,3,23,69,"Mar 12, 2004"
18,10,10,83,"Mar 13, 2004"
24,3,23,69,"Mar 14, 2004"
18,10,17,143,"Mar 16, 2004"
18,10,17,131,"Mar 19, 2004"
18,10,10,93,"Mar 21, 2004"
18,10,10,93,"Mar 24, 2004"
23,7,7,60,"Apr 18, 2004"
24,21,20,22,"Apr 20, 2004"
24,21,20,22,"Apr 22, 2004"
23,7,24,135,"Apr 24, 2004"
24,21,20,69,"Apr 25, 2004"
24,21,20,69,"Apr 27, 2004"
24,21,20,69,"Apr 29, 2004"
23,7,22,63,"May 1, 2004"
23,7,22,63,"May 2, 2004"
23,7,7,19,"May 5, 2004"
23,3,22,88,"May 15, 2004"
23,3,22,88,"May 16, 2004"
23,3,22,156,"May 19, 2004"
24,2,3,69,"May 25, 2004"
24,2,3,69,"May 27, 2004"
24,2,3,69,"May 29, 2004"
16,24,24,16,"Jun 26, 2004"
8,24,22,126,"Jun 27, 2004"
8,16,15,34,"Jun 29, 2004"
8,24,7,95,"Jul 1, 2004"
16,24,15,27,"Jul 3, 2004"
8,16,15,21,"Jul 4, 2004"
8,24,22,98,"Jul 6, 2004"
16,24,24,154,"Jul 8, 2004"
16,24,15,98,"Jul 10, 2004"
4,8,4,39,"Jul 16, 2004"
10,22,10,41,"Jul 16, 2004"
4,18,17,39,"Jul 17, 2004"
21,22,20,41,"Jul 17, 2004"
9,18,17,39,"Jul 18, 2004"
21,10,20,41,"Jul 18, 2004"
4,10,10,39,"Jul 21, 2004"
21,18,20,38,"Jul 21, 2004"
21,3,20,38,"Jul 23, 2004"
10,18,17,38,"Jul 25, 2004"
21,10,10,38,"Jul 27, 2004"
4,18,17,38,"Jul 29, 2004"
21,10,20,38,"Aug 1, 2004"
21,20,20,38,"Aug 20, 2004"
10,18,17,7,"Aug 21, 2004"
21,20,20,38,"Aug 22, 2004"
3,10,24,7,"Aug 23, 2004"
21,20,20,41,"Aug 25, 2004"
21,20,20,41,"Aug 28, 2004"
3,18,3,7,"Aug 28, 2004"
21,20,20,39,"Aug 31, 2004"
8,10,7,126,"Sep 1, 2004"
8,10,7,165,"Sep 3, 2004"
3,18,3,98,"Sep 4, 2004"
8,10,10,98,"Sep 5, 2004"
8,25,7,16,"Sep 10-11, 2004"
16,23,15,165,"Sep 10, 2004"
10,12,10,154,"Sep 11, 2004"
4,20,19,16,"Sep 12, 2004"
3,23,3,154,"Sep 13, 2004"
21,25,20,165,"Sep 14, 2004"
12,18,17,16,"Sep 14-15, 2004"
4,24,22,154,"Sep 15, 2004"
3,16,3,165,"Sep 16, 2004"
8,21,7,154,"Sep 17-18, 2004"
20,24,22,165,"Sep 18-19, 2004"
10,18,17,16,"Sep 19, 2004"
8,2,7,16,"Sep 21, 2004"
18,24,22,154,"Sep 22, 2004"
8,24,22,165,"Sep 25, 2004"
18,25,17,110,"Sep 30, 2004"
18,25,17,131,"Oct 3, 2004"
18,21,17,83,"Oct 6, 2004"
21,25,20,143,"Oct 9, 2004"
18,21,17,93,"Oct 14, 2004"
18,21,20,93,"Oct 16, 2004"
4,16,15,35,"Nov 2, 2004"
4,16,15,47,"Nov 5, 2004"
4,16,15,47,"Nov 7, 2004"
10,18,17,90,"Nov 13, 2004"
24,7,7,69,"Nov 28, 2004"
24,7,7,69,"Dec 1, 2004"
24,7,7,22,"Dec 4, 2004"
3,16,15,104,"Dec 5, 2004"
24,7,7,22,"Dec 5, 2004"
3,16,3,159,"Dec 8, 2004"
4,10,10,35,"Dec 23, 2004"
16,21,15,8,"Dec 26, 2004"
4,10,4,47,"Dec 26, 2004"
4,10,10,47,"Dec 27, 2004"
2,9,9,103,"Jan 10, 2005"
3,24,3,103,"Jan 14, 2005"
3,18,3,70,"Jan 16, 2005"
18,24,17,20,"Jan 19, 2005"
4,25,23,47,"Jan 20, 2005"
3,24,24,20,"Jan 21, 2005"
3,18,3,159,"Jan 23, 2005"
4,25,23,35,"Jan 24, 2005"
4,25,4,35,"Jan 26, 2005"
3,24,3,2,"Jan 26, 2005"
18,24,22,2,"Jan 28, 2005"
4,25,4,47,"Jan 29, 2005"
3,18,17,130,"Jan 30, 2005"
20,7,7,80,"Jan 30, 2005"
4,25,4,47,"Jan 31, 2005"
18,24,17,130,"Feb 1, 2005"
20,7,25,17,"Feb 2, 2005"
3,18,3,103,"Feb 4, 2005"
20,7,19,133,"Feb 4, 2005"
3,18,3,159,"Feb 6, 2005"
20,7,19,26,"Feb 6, 2005"
20,7,19,54,"Feb 9, 2005"
20,7,24,53,"Feb 11, 2005"
20,7,19,29,"Feb 13, 2005"
16,2,3,173,"Feb 19, 2005"
16,2,3,36,"Feb 22, 2005"
20,25,19,80,"Feb 25, 2005"
16,2,3,8,"Feb 26, 2005"
20,25,19,53,"Feb 27, 2005"
16,2,3,173,"Mar 1, 2005"
20,25,19,133,"Mar 2, 2005"
16,2,3,120,"Mar 5, 2005"
10,18,10,89,"Apr 2, 2005"
10,18,10,172,"Apr 5, 2005"
10,18,17,78,"Apr 9, 2005"
10,18,17,3,"Apr 12, 2005"
10,18,17,82,"Apr 15, 2005"
10,18,17,44,"Apr 17, 2005"
23,20,19,87,"May 7, 2005"
23,20,19,87,"May 8, 2005"
23,20,19,19,"May 11, 2005"
23,20,19,135,"May 14, 2005"
23,20,19,135,"May 15, 2005"
23,18,17,88,"May 18, 2005"
23,18,17,63,"May 21, 2005"
23,18,17,63,"May 22, 2005"
8,3,7,165,"Jun 16, 2005"
3,3,4,27,"Jun 18, 2005"
8,2,7,21,"Jun 19, 2005"
8,3,7,126,"Jun 21, 2005"
8,2,3,34,"Jun 23, 2005"
3,3,3,101,"Jun 25, 2005"
8,3,7,95,"Jun 26, 2005"
8,2,24,16,"Jun 28, 2005"
3,3,3,25,"Jun 30, 2005"
8,2,25,98,"Jul 2, 2005"
8,2,7,95,"Jul 7, 2005"
8,2,3,98,"Jul 10, 2005"
8,2,3,165,"Jul 12, 2005"
21,10,20,41,"Jul 30, 2005"
10,24,10,41,"Jul 31, 2005"
21,24,20,41,"Aug 2, 2005"
21,10,20,41,"Aug 3, 2005"
21,24,22,38,"Aug 6, 2005"
10,24,10,38,"Aug 7, 2005"
21,10,20,38,"Aug 9, 2005"
1,1,1,29,"Aug 17, 2005"
1,1,2,53,"Aug 20, 2005"
1,1,24,53,"Aug 21, 2005"
24,16,15,22,"Aug 24, 2005"
10,16,15,22,"Aug 26, 2005"
24,10,10,69,"Aug 29, 2005"
21,3,20,39,"Aug 31, 2005"
24,16,15,69,"Aug 31, 2005"
21,3,20,38,"Sep 2, 2005"
10,16,10,69,"Sep 2, 2005"
21,3,20,38,"Sep 4, 2005"
24,10,10,69,"Sep 4, 2005"
10,16,15,69,"Sep 6, 2005"
3,9,3,104,"Oct 5, 2005"
3,9,3,104,"Oct 7, 2005"
3,9,3,104,"Oct 9, 2005"
20,16,19,17,"Oct 23, 2005"
10,21,10,113,"Oct 25, 2005"
10,21,10,105,"Oct 28, 2005"
20,16,19,26,"Oct 28, 2005"
20,16,19,133,"Oct 30, 2005"
10,21,10,76,"Oct 31, 2005"
10,21,10,138,"Nov 3, 2005"
20,16,24,53,"Nov 4, 2005"
20,16,19,29,"Nov 6, 2005"
10,21,20,3,"Nov 6, 2005"
10,21,10,141,"Nov 9, 2005"
10,21,10,170,"Nov 12, 2005"
10,20,19,72,"Nov 16, 2005"
10,20,10,13,"Nov 19, 2005"
10,20,19,90,"Nov 25, 2005"
10,20,10,111,"Nov 28, 2005"
16,2,3,8,"Dec 3, 2005"
16,2,3,173,"Dec 7, 2005"
16,2,15,36,"Dec 10, 2005"
18,7,7,93,"Dec 10, 2005"
18,7,17,93,"Dec 12, 2005"
18,7,17,83,"Dec 15, 2005"
18,7,17,143,"Dec 19, 2005"
18,7,7,143,"Dec 21, 2005"
16,21,15,139,"Dec 31, 2005"
16,21,15,36,"Jan 3, 2006"
16,21,15,173,"Jan 6, 2006"
16,21,20,120,"Jan 8, 2006"
3,21,3,104,"Jan 13, 2006"
3,20,19,20,"Jan 15, 2006"
20,21,20,20,"Jan 17, 2006"
3,20,3,104,"Jan 20, 2006"
3,21,20,159,"Jan 22, 2006"
20,21,19,2,"Jan 24, 2006"
3,21,3,2,"Jan 26, 2006"
3,21,3,130,"Jan 29, 2006"
20,21,19,130,"Jan 31, 2006"
3,20,3,104,"Feb 3, 2006"
3,20,3,159,"Feb 5, 2006"
18,10,17,131,"Feb 6, 2006"
20,21,20,70,"Feb 7, 2006"
3,21,20,2,"Feb 10, 2006"
18,10,10,143,"Feb 11, 2006"
3,21,3,159,"Feb 12, 2006"
18,10,10,93,"Feb 13, 2006"
3,21,3,20,"Feb 14, 2006"
18,10,10,110,"Feb 16, 2006"
16,24,15,173,"Feb 18, 2006"
18,10,10,83,"Feb 19, 2006"
4,21,20,18,"Feb 20, 2006"
16,24,15,139,"Feb 22, 2006"
4,21,4,18,"Feb 22, 2006"
16,24,15,36,"Feb 25, 2006"
4,21,20,35,"Feb 25, 2006"
24,12,23,22,"Feb 25, 2006"
24,12,12,22,"Feb 26, 2006"
20,2,19,29,"Feb 26, 2006"
16,24,15,120,"Mar 1, 2006"
24,12,12,69,"Mar 1, 2006"
24,12,23,69,"Mar 3, 2006"
20,2,19,26,"Mar 3, 2006"
16,24,22,8,"Mar 4, 2006"
20,2,3,133,"Mar 5, 2006"
20,2,3,53,"Mar 10, 2006"
20,2,19,80,"Mar 12, 2006"
4,12,4,18,"Mar 17, 2006"
21,18,24,38,"Mar 17, 2006"
21,18,17,38,"Mar 19, 2006"
4,12,4,84,"Mar 20, 2006"
21,18,17,39,"Mar 22, 2006"
4,12,4,58,"Mar 23, 2006"
4,12,4,58,"Mar 25, 2006"
10,7,10,44,"Mar 28, 2006"
10,7,10,57,"Mar 31, 2006"
10,7,10,102,"Apr 3, 2006"
10,7,10,89,"Apr 6, 2006"
10,7,7,78,"Apr 12, 2006"
10,7,10,75,"Apr 15, 2006"
10,18,17,1,"Apr 18, 2006"
10,18,10,1,"Apr 19, 2006"
4,2,3,35,"Apr 23, 2006"
4,2,3,58,"Apr 26, 2006"
4,2,3,58,"Apr 28, 2006"
23,25,22,157,"Apr 29, 2006"
23,25,22,157,"Apr 30, 2006"
23,25,22,60,"May 7, 2006"
23,25,22,63,"May 10, 2006"
23,25,24,135,"May 13, 2006"
23,25,22,135,"May 14, 2006"
6,25,23,135,"May 16, 2006"
5,5,5,135,"May 17, 2006"
5,25,23,135,"May 18, 2006"
23,10,10,87,"May 18, 2006"
5,25,23,135,"May 20, 2006"
23,10,22,87,"May 20, 2006"
23,10,22,11,"May 23, 2006"
23,10,22,135,"May 26, 2006"
23,10,22,135,"May 28, 2006"
11,7,7,12,"Jun 13, 2006"
8,21,20,98,"Jun 17, 2006"
8,21,20,165,"Jun 20, 2006"
8,21,20,34,"Jun 24, 2006"
19,18,17,55,"Jun 27, 2006"
8,21,20,101,"Jun 28, 2006"
8,21,20,95,"Jul 1, 2006"
15,21,20,7,"Jul 4, 2006"
15,21,20,7,"Jul 6, 2006"
24,3,23,69,"Jul 29, 2006"
24,3,4,69,"Jul 30, 2006"
24,3,23,69,"Aug 2, 2006"
24,3,23,69,"Aug 4, 2006"
19,11,11,9,"Aug 5, 2006"
6,12,12,167,"Aug 5, 2006"
24,3,4,69,"Aug 6, 2006"
19,15,18,9,"Aug 6, 2006"
6,12,12,167,"Aug 6, 2006"
11,15,24,9,"Aug 8, 2006"
12,3,4,117,"Aug 12, 2006"
12,3,4,117,"Aug 13, 2006"
12,3,4,117,"Aug 15, 2006"
21,10,24,39,"Aug 18-19, 2006"
6,4,5,167,"Aug 19, 2006"
6,4,5,167,"Aug 21, 2006"
8,18,24,27,"Aug 30, 2006"
8,18,17,98,"Sep 2, 2006"
8,18,17,154,"Sep 5, 2006"
8,18,7,126,"Sep 8, 2006"
8,18,7,16,"Sep 10, 2006"
3,24,3,91,"Sep 12, 2006"
10,24,22,91,"Sep 14, 2006"
20,25,19,17,"Sep 15, 2006"
3,10,24,91,"Sep 16, 2006"
3,24,22,91,"Sep 18, 2006"
20,25,19,54,"Sep 18, 2006"
10,24,10,91,"Sep 20, 2006"
20,25,19,136,"Sep 20, 2006"
3,10,3,91,"Sep 22, 2006"
3,24,3,91,"Sep 24, 2006"
4,21,20,105,"Oct 7, 2006"
23,25,22,3,"Oct 8, 2006"
21,25,20,3,"Oct 10, 2006"
4,24,22,76,"Oct 11, 2006"
4,25,4,76,"Oct 13, 2006"
21,24,20,112,"Oct 14, 2006"
10,7,10,76,"Oct 15, 2006"
16,20,15,112,"Oct 16, 2006"
18,21,17,76,"Oct 17, 2006"
3,24,22,112,"Oct 18, 2006"
16,21,20,112,"Oct 20, 2006"
3,7,3,76,"Oct 21, 2006"
20,21,19,3,"Oct 24, 2006"
16,18,15,105,"Oct 25, 2006"
10,24,22,3,"Oct 26, 2006"
18,20,19,105,"Oct 27, 2006"
8,24,7,3,"Oct 28, 2006"
10,2,3,105,"Oct 29, 2006"
3,16,3,105,"Nov 1, 2006"
20,24,22,76,"Nov 2, 2006"
3,24,3,112,"Nov 5, 2006"
12,4,12,106,"Nov 11, 2006"
12,4,12,106,"Nov 12, 2006"
12,4,12,106,"Nov 14, 2006"
20,10,19,53,"Nov 22, 2006"
6,15,14,136,"Nov 26, 2006"
20,10,19,26,"Nov 26, 2006"
5,5,6,136,"Nov 27, 2006"
5,15,14,136,"Nov 28, 2006"
20,10,19,133,"Nov 29, 2006"
4,25,4,84,"Nov 30, 2006"
5,5,6,14,"Nov 30, 2006"
6,15,14,14,"Dec 1, 2006"
5,15,5,14,"Dec 2, 2006"
4,25,4,18,"Dec 3, 2006"
20,10,19,29,"Dec 3, 2006"
4,25,4,18,"Dec 5, 2006"
18,24,17,56,"Dec 7, 2006"
4,25,4,47,"Dec 8, 2006"
4,25,4,47,"Dec 9, 2006"
18,24,17,93,"Dec 10, 2006"
18,24,22,110,"Dec 13, 2006"
4,19,4,35,"Dec 15, 2006"
18,24,17,83,"Dec 16, 2006"
4,19,4,47,"Dec 17, 2006"
16,21,20,120,"Dec 28, 2006"
16,21,15,139,"Dec 31, 2006"
16,21,15,36,"Jan 2, 2007"
16,21,20,8,"Jan 6, 2007"
16,21,24,68,"Jan 9, 2007"
3,7,3,103,"Jan 12, 2007"
3,16,3,70,"Jan 14, 2007"
8,16,7,70,"Jan 16, 2007"
12,19,12,106,"Jan 17, 2007"
6,19,18,106,"Jan 18, 2007"
3,7,3,20,"Jan 19, 2007"
3,16,3,159,"Jan 21, 2007"
10,24,10,113,"Jan 21, 2007"
12,19,12,106,"Jan 21, 2007"
8,16,15,2,"Jan 23, 2007"
6,19,18,106,"Jan 23, 2007"
12,5,6,106,"Jan 24, 2007"
10,24,10,40,"Jan 24, 2007"
3,7,3,2,"Jan 26, 2007"
10,24,22,33,"Jan 27, 2007"
3,16,3,130,"Jan 28, 2007"
12,4,12,118,"Jan 29, 2007"
8,16,15,130,"Jan 30, 2007"
6,15,14,119,"Jan 30, 2007"
11,19,18,117,"Jan 30, 2007"
10,24,10,170,"Jan 31, 2007"
5,11,11,118,"Jan 31, 2007"
6,19,18,119,"Jan 31, 2007"
12,15,12,117,"Jan 31, 2007"
3,7,7,159,"Feb 2, 2007"
5,5,6,117,"Feb 2, 2007"
12,11,12,119,"Feb 2, 2007"
15,19,18,118,"Feb 2, 2007"
3,16,3,103,"Feb 4, 2007"
5,15,14,119,"Feb 4, 2007"
6,11,6,118,"Feb 4, 2007"
12,19,18,117,"Feb 4, 2007"
24,3,4,69,"Feb 4, 2007"
20,18,19,29,"Feb 4, 2007"
5,19,5,119,"Feb 5, 2007"
12,5,12,118,"Feb 5, 2007"
11,15,14,117,"Feb 5, 2007"
8,16,7,20,"Feb 6, 2007"
24,3,23,69,"Feb 6, 2007"
12,19,12,117,"Feb 7, 2007"
20,18,17,53,"Feb 7, 2007"
10,21,24,90,"Feb 8, 2007"
3,7,7,103,"Feb 9, 2007"
24,3,4,69,"Feb 9, 2007"
20,18,24,133,"Feb 9, 2007"
24,3,4,69,"Feb 10, 2007"
3,7,7,159,"Feb 11, 2007"
10,21,20,141,"Feb 11, 2007"
20,18,19,26,"Feb 11, 2007"
10,21,10,102,"Feb 14, 2007"
20,18,19,80,"Feb 14, 2007"
16,2,15,173,"Feb 16, 2007"
10,21,10,172,"Feb 17, 2007"
16,2,15,8,"Feb 18, 2007"
16,2,15,68,"Feb 20, 2007"
4,4,4,157,"Feb 25, 2007"
5,5,6,157,"Feb 26, 2007"
4,5,4,157,"Feb 28, 2007"
23,18,22,87,"Mar 13, 2007"
3,19,3,11,"Mar 14, 2007"
6,12,12,63,"Mar 14, 2007"
5,21,20,135,"Mar 15, 2007"
11,25,25,87,"Mar 15, 2007"
8,16,15,63,"Mar 16, 2007"
15,20,19,11,"Mar 16, 2007"
4,10,4,135,"Mar 17, 2007"
11,18,11,87,"Mar 17, 2007"
3,15,3,11,"Mar 18, 2007"
6,7,7,63,"Mar 18, 2007"
5,10,10,135,"Mar 19, 2007"
23,25,22,87,"Mar 19, 2007"
12,16,15,63,"Mar 20, 2007"
19,20,19,11,"Mar 20, 2007"
4,21,20,135,"Mar 21, 2007"
18,25,17,87,"Mar 21, 2007"
6,16,15,63,"Mar 22, 2007"
15,19,14,11,"Mar 22, 2007"
10,21,20,135,"Mar 23, 2007"
23,11,22,87,"Mar 23, 2007"
3,20,3,11,"Mar 24, 2007"
8,12,7,63,"Mar 24, 2007"
4,4,4,135,"Mar 25, 2007"
23,2,3,124,"Mar 27-28, 2007"
20,21,19,137,"Mar 28, 2007"
23,16,15,124,"Mar 29, 2007"
8,11,7,137,"Mar 30, 2007"
3,3,3,124,"Mar 31, 2007"
23,21,20,137,"Apr 1, 2007"
4,16,15,124,"Apr 2, 2007"
11,20,19,137,"Apr 3, 2007"
8,21,20,124,"Apr 4, 2007"
4,20,4,137,"Apr 7, 2007"
3,7,3,124,"Apr 8, 2007"
11,16,15,137,"Apr 9, 2007"
23,20,19,156,"Apr 10, 2007"
4,7,7,19,"Apr 11, 2007"
16,21,20,156,"Apr 12, 2007"
3,11,3,19,"Apr 13, 2007"
16,20,15,156,"Apr 14, 2007"
4,11,11,19,"Apr 15, 2007"
3,21,3,156,"Apr 16, 2007"
8,20,19,19,"Apr 17, 2007"
11,21,20,156,"Apr 18, 2007"
23,3,22,19,"Apr 19, 2007"
3,16,3,156,"Apr 20, 2007"
23,7,7,19,"Apr 21, 2007"
16,21,20,87,"Apr 24, 2007"
3,20,3,63,"Apr 25, 2007"
3,21,3,19,"Apr 28, 2007"
4,10,10,47,"May 10, 2007"
4,10,10,47,"May 12, 2007"
18,21,17,1,"May 18, 2007"
18,21,17,1,"May 20, 2007"
18,21,20,1,"May 22, 2007"
1,1,2,13,"Jun 6, 2007"
1,1,2,33,"Jun 9, 2007"
1,1,2,33,"Jun 10, 2007"
11,10,10,12,"Jun 23, 2007"
11,20,19,12,"Jun 24, 2007"
10,20,19,12,"Jun 26, 2007"
10,20,10,12,"Jun 29, 2007"
8,24,7,98,"Jul 1, 2007"
10,20,10,12,"Jul 1, 2007"
6,15,14,167,"Jul 3, 2007"
8,24,22,16,"Jul 4, 2007"
8,24,22,126,"Jul 7, 2007"
15,24,22,50,"Jul 10, 2007"
11,15,11,12,"Jul 11, 2007"
19,24,22,50,"Jul 12, 2007"
15,19,24,12,"Jul 13, 2007"
11,24,24,50,"Jul 14, 2007"
11,19,11,12,"Jul 15, 2007"
21,3,20,37,"Jul 20, 2007"
21,3,20,38,"Jul 23, 2007"
21,3,20,38,"Jul 25, 2007"
19,10,10,61,"Aug 16, 2007"
15,4,14,145,"Aug 18, 2007"
15,4,14,145,"Aug 20, 2007"
8,10,7,154,"Aug 21, 2007"
24,20,19,22,"Aug 22, 2007"
8,10,10,21,"Aug 24, 2007"
24,20,19,69,"Aug 25, 2007"
24,20,19,69,"Aug 26, 2007"
8,10,7,16,"Aug 27, 2007"
8,10,7,101,"Aug 30, 2007"
8,10,10,95,"Sep 2, 2007"
8,10,10,165,"Sep 5, 2007"
8,10,7,98,"Sep 8, 2007"
10,2,24,13,"Sep 29, 2007"
21,7,20,41,"Oct 1, 2007"
10,2,3,89,"Oct 2, 2007"
21,7,7,41,"Oct 4, 2007"
10,2,3,72,"Oct 5, 2007"
21,7,7,41,"Oct 7, 2007"
10,2,10,30,"Oct 8, 2007"
21,7,7,38,"Oct 10, 2007"
10,2,3,170,"Oct 11, 2007"
21,7,20,38,"Oct 13, 2007"
10,2,3,113,"Oct 14, 2007"
10,2,10,111,"Oct 17, 2007"
18,20,19,93,"Oct 18, 2007"
12,5,12,117,"Oct 18, 2007"
18,20,17,93,"Oct 20, 2007"
12,5,12,117,"Oct 20, 2007"
18,20,17,56,"Oct 23, 2007"
12,4,12,117,"Oct 25, 2007"
18,20,19,110,"Oct 26, 2007"
12,4,12,117,"Oct 27, 2007"
12,4,12,117,"Oct 28, 2007"
18,20,19,93,"Oct 29, 2007"
10,18,10,65,"Nov 5, 2007"
10,18,17,105,"Nov 8, 2007"
10,18,10,82,"Nov 11, 2007"
10,18,10,66,"Nov 15, 2007"
10,18,17,76,"Nov 18, 2007"
20,16,19,53,"Nov 25, 2007"
24,24,23,69,"Nov 30, 2007"
20,16,15,133,"Nov 30, 2007"
24,24,22,69,"Dec 2, 2007"
20,16,19,26,"Dec 2, 2007"
24,24,22,69,"Dec 4, 2007"
24,24,22,22,"Dec 7, 2007"
3,16,3,2,"Dec 14, 2007"
3,16,24,159,"Dec 16, 2007"
3,16,3,70,"Dec 20, 2007"
16,3,15,8,"Dec 26, 2007"
16,3,15,120,"Dec 28, 2007"
16,3,15,139,"Dec 31, 2007"
20,24,19,29,"Jan 20, 2008"
18,25,17,83,"Jan 21, 2008"
18,25,17,73,"Jan 24, 2008"
20,24,19,26,"Jan 25, 2008"
18,25,17,110,"Jan 27, 2008"
20,24,19,133,"Jan 27, 2008"
18,25,17,56,"Jan 30, 2008"
20,24,19,53,"Feb 1, 2008"
18,25,17,151,"Feb 2, 2008"
3,10,24,20,"Feb 3, 2008"
20,24,19,80,"Feb 3, 2008"
10,21,24,20,"Feb 5, 2008"
3,21,3,159,"Feb 8, 2008"
16,7,15,173,"Feb 9, 2008"
3,10,10,103,"Feb 10, 2008"
10,21,20,24,"Feb 12, 2008"
16,7,15,68,"Feb 12, 2008"
16,7,7,8,"Feb 15, 2008"
3,21,3,130,"Feb 15, 2008"
3,10,3,2,"Feb 17, 2008"
10,21,10,2,"Feb 19, 2008"
16,7,25,120,"Feb 20, 2008"
3,21,3,103,"Feb 22, 2008"
16,7,15,36,"Feb 23, 2008"
3,10,3,159,"Feb 24, 2008"
10,21,10,70,"Feb 26, 2008"
3,21,20,103,"Feb 29, 2008"
3,10,10,159,"Mar 2, 2008"
3,10,10,20,"Mar 4, 2008"
4,20,19,35,"Mar 9, 2008"
4,20,19,47,"Mar 12, 2008"
4,20,19,47,"Mar 14, 2008"
4,11,4,47,"Mar 18, 2008"
4,11,4,47,"Mar 20, 2008"
4,11,4,47,"Mar 22, 2008"
18,3,17,93,"Apr 8, 2008"
23,21,22,135,"Apr 10, 2008"
18,3,17,56,"Apr 11, 2008"
23,21,22,135,"Apr 12, 2008"
18,3,17,93,"Apr 13, 2008"
23,21,24,63,"Apr 15, 2008"
18,3,17,110,"Apr 16, 2008"
18,3,17,83,"Apr 19, 2008"
4,18,17,47,"Jun 8, 2008"
10,18,10,47,"Jun 10, 2008"
4,10,10,47,"Jun 12, 2008"
10,18,17,47,"Jun 14, 2008"
8,16,7,34,"Jun 15, 2008"
8,16,24,16,"Jun 18, 2008"
8,16,15,21,"Jun 21, 2008"
4,22,4,93,"Jun 24, 2008"
18,8,17,83,"Jun 24, 2008"
23,2,3,88,"Jun 24, 2008"
4,21,20,93,"Jun 25, 2008"
9,10,10,83,"Jun 25, 2008"
8,16,15,165,"Jun 25, 2008"
18,10,10,83,"Jun 26, 2008"
21,22,20,93,"Jun 26, 2008"
23,2,3,156,"Jun 27, 2008"
8,16,15,98,"Jun 28, 2008"
4,10,10,83,"Jun 28, 2008"
6,4,5,86,"Jun 28, 2008"
18,21,20,83,"Jun 29, 2008"
23,2,3,156,"Jun 29, 2008"
6,4,5,86,"Jun 29, 2008"
4,21,20,83,"Jun 30, 2008"
11,16,15,0,"Jul 1, 2008"
6,4,6,86,"Jul 1, 2008"
19,11,18,0,"Jul 2, 2008"
18,10,17,83,"Jul 2, 2008"
19,16,15,0,"Jul 3, 2008"
10,21,10,83,"Jul 3, 2008"
18,3,17,83,"Jul 4, 2008"
23,2,3,11,"Jul 4, 2008"
10,21,20,83,"Jul 6, 2008"
23,2,3,11,"Jul 6, 2008"
11,15,11,50,"Jul 28, 2008"
15,19,18,50,"Jul 29, 2008"
11,19,11,50,"Jul 31, 2008"
15,4,14,7,"Aug 8, 2008"
19,12,24,9,"Aug 12, 2008"
21,10,20,41,"Aug 18, 2008"
19,7,24,55,"Aug 18, 2008"
6,4,6,86,"Aug 18, 2008"
21,10,10,41,"Aug 20, 2008"
5,24,22,86,"Aug 20, 2008"
15,12,14,145,"Aug 21, 2008"
8,20,7,95,"Aug 22, 2008"
6,24,22,86,"Aug 22, 2008"
21,10,10,38,"Aug 24, 2008"
11,12,11,12,"Aug 24, 2008"
6,24,22,86,"Aug 24, 2008"
11,12,24,12,"Aug 25, 2008"
8,20,7,126,"Aug 26, 2008"
21,10,10,38,"Aug 27, 2008"
21,10,20,38,"Aug 29, 2008"
8,20,7,165,"Aug 29, 2008"
3,3,3,42,"Aug 30, 2008"
8,20,7,98,"Aug 31, 2008"
3,3,3,42,"Sep 3, 2008"
8,20,24,27,"Sep 3, 2008"
3,3,3,42,"Sep 6, 2008"
4,16,4,47,"Oct 9, 2008"
4,16,15,47,"Oct 11, 2008"
4,16,15,35,"Oct 14, 2008"
11,25,23,117,"Oct 17, 2008"
12,11,11,117,"Oct 18, 2008"
12,25,12,117,"Oct 19, 2008"
20,12,19,17,"Oct 31, 2008"
20,12,19,85,"Nov 2, 2008"
20,3,19,136,"Nov 7, 2008"
20,3,19,14,"Nov 9, 2008"
18,24,17,1,"Nov 12, 2008"
10,7,10,141,"Nov 14, 2008"
18,24,17,1,"Nov 14, 2008"
18,24,17,1,"Nov 16, 2008"
10,7,10,75,"Nov 17, 2008"
10,7,10,82,"Nov 20, 2008"
24,21,20,69,"Nov 20, 2008"
24,21,20,69,"Nov 22, 2008"
10,7,10,13,"Nov 23, 2008"
24,21,20,69,"Nov 24, 2008"
10,7,10,40,"Nov 26, 2008"
24,21,20,69,"Nov 28, 2008"
24,21,20,69,"Nov 30, 2008"
16,24,24,139,"Dec 31, 2008"
16,24,22,36,"Jan 3, 2009"
16,24,15,173,"Jan 7, 2009"
16,24,24,8,"Jan 10, 2009"
4,25,23,47,"Jan 10, 2009"
21,25,20,47,"Jan 12, 2009"
16,24,15,120,"Jan 13, 2009"
4,21,4,47,"Jan 14, 2009"
4,21,20,47,"Jan 16, 2009"
3,20,19,103,"Jan 16, 2009"
3,20,3,70,"Jan 18, 2009"
4,25,23,47,"Jan 19, 2009"
18,21,17,83,"Jan 20, 2009"
4,25,4,47,"Jan 21, 2009"
18,21,20,83,"Jan 21, 2009"
4,25,4,47,"Jan 23, 2009"
3,20,19,159,"Jan 23, 2009"
18,21,20,93,"Jan 24, 2009"
3,20,19,2,"Jan 26, 2009"
12,25,23,106,"Jan 27, 2009"
21,10,10,41,"Jan 28, 2009"
12,25,23,106,"Jan 29, 2009"
3,20,19,130,"Jan 30, 2009"
12,25,23,117,"Jan 31, 2009"
21,10,10,38,"Jan 31, 2009"
3,16,15,130,"Feb 1, 2009"
12,25,23,117,"Feb 1, 2009"
21,10,10,38,"Feb 3, 2009"
12,25,23,117,"Feb 4, 2009"
21,10,10,38,"Feb 5, 2009"
3,16,15,103,"Feb 6, 2009"
3,16,3,159,"Feb 8, 2009"
21,10,20,38,"Feb 8, 2009"
3,16,3,2,"Feb 10, 2009"
3,16,24,20,"Feb 13, 2009"
16,10,10,120,"Mar 3, 2009"
16,10,24,173,"Mar 6, 2009"
16,10,10,36,"Mar 8, 2009"
16,10,10,68,"Mar 11, 2009"
16,10,15,8,"Mar 14, 2009"
23,7,7,137,"Mar 20, 2009"
23,7,22,137,"Mar 22, 2009"
23,7,22,19,"Mar 27, 2009"
23,7,7,19,"Mar 29, 2009"
11,19,11,14,"Apr 1, 2009"
12,15,14,136,"Apr 1, 2009"
20,2,3,53,"Apr 3, 2009"
23,7,7,63,"Apr 3, 2009"
20,2,19,29,"Apr 5, 2009"
5,12,12,136,"Apr 6, 2009"
6,11,11,14,"Apr 6, 2009"
5,15,14,136,"Apr 8, 2009"
6,19,6,14,"Apr 8, 2009"
20,2,19,26,"Apr 9, 2009"
20,2,19,133,"Apr 13, 2009"
20,2,3,80,"Apr 17, 2009"
0,19,0,14,"Apr 19, 2009"
6,11,11,29,"Apr 19, 2009"
12,15,14,136,"Apr 19, 2009"
3,18,17,49,"Apr 22, 2009"
3,18,3,49,"Apr 24, 2009"
3,18,3,1,"Apr 27, 2009"
3,18,3,1,"May 1, 2009"
3,18,17,1,"May 3, 2009"
8,24,7,21,"May 24, 2009"
8,24,7,16,"May 26, 2009"
23,10,10,87,"Jun 26, 2009"
23,10,22,87,"Jun 28, 2009"
23,10,10,63,"Jul 3, 2009"
23,10,24,63,"Jul 5, 2009"
19,5,6,0,"Jul 7, 2009"
19,5,18,0,"Jul 8, 2009"
11,12,11,50,"Jul 9, 2009"
15,5,14,7,"Jul 11, 2009"
11,12,11,50,"Jul 11, 2009"
11,12,11,50,"Jul 12, 2009"
23,3,4,144,"Jul 26, 2009"
23,3,4,144,"Jul 28, 2009"
21,18,20,41,"Jul 30, 2009"
23,3,4,11,"Jul 31, 2009"
21,18,20,41,"Aug 1, 2009"
21,18,20,41,"Aug 3, 2009"
21,18,17,38,"Aug 7, 2009"
24,3,4,22,"Aug 9, 2009"
21,18,17,38,"Aug 9, 2009"
24,3,4,22,"Aug 11, 2009"
24,3,23,22,"Aug 14, 2009"
24,3,4,22,"Aug 16, 2009"
24,3,4,22,"Aug 18, 2009"
6,12,6,86,"Aug 19, 2009"
19,11,11,0,"Aug 22, 2009"
6,12,24,86,"Aug 22, 2009"
11,7,7,12,"Aug 27, 2009"
19,2,3,55,"Aug 28, 2009"
15,0,14,7,"Aug 30, 2009"
15,0,0,7,"Sep 1, 2009"
8,2,3,165,"Sep 4, 2009"
8,2,3,98,"Sep 6, 2009"
21,16,20,38,"Sep 8, 2009"
8,2,3,154,"Sep 9, 2009"
10,16,10,38,"Sep 11, 2009"
21,10,20,38,"Sep 12, 2009"
8,2,3,98,"Sep 12, 2009"
21,10,10,38,"Sep 14, 2009"
8,2,3,126,"Sep 15, 2009"
8,2,3,126,"Sep 17, 2009"
8,2,7,34,"Sep 20, 2009"
20,21,20,29,"Sep 22, 2009"
18,24,17,80,"Sep 23, 2009"
20,16,19,29,"Sep 24, 2009"
8,21,7,80,"Sep 25, 2009"
3,24,3,80,"Sep 26, 2009"
10,18,17,29,"Sep 26, 2009"
16,21,15,80,"Sep 27, 2009"
20,7,7,29,"Sep 27, 2009"
3,10,24,29,"Sep 28, 2009"
8,16,15,80,"Sep 29, 2009"
3,18,3,29,"Sep 30, 2009"
10,24,10,80,"Sep 30, 2009"
3,7,3,29,"Oct 2, 2009"
16,18,15,80,"Oct 3, 2009"
3,16,3,29,"Oct 5, 2009"
24,12,23,69,"Oct 12, 2009"
24,12,23,69,"Oct 13, 2009"
24,12,12,69,"Oct 15, 2009"
24,12,23,69,"Oct 17, 2009"
24,12,23,69,"Oct 18, 2009"
10,2,3,170,"Oct 25, 2009"
4,25,23,47,"Oct 27, 2009"
10,2,10,113,"Oct 28, 2009"
4,25,4,47,"Oct 29, 2009"
4,25,4,47,"Oct 31, 2009"
10,2,10,44,"Oct 31, 2009"
10,2,3,105,"Nov 2, 2009"
4,25,4,35,"Nov 3, 2009"
16,18,17,1,"Nov 3, 2009"
4,25,4,35,"Nov 5, 2009"
10,2,3,72,"Nov 5, 2009"
16,18,15,1,"Nov 6, 2009"
10,2,3,65,"Nov 8, 2009"
20,25,19,14,"Nov 8, 2009"
16,18,15,1,"Nov 9, 2009"
20,25,19,29,"Nov 10, 2009"
20,7,7,29,"Nov 22, 2009"
20,7,19,26,"Nov 27, 2009"
20,7,7,133,"Nov 29, 2009"
10,21,10,141,"Dec 15, 2009"
10,21,20,113,"Dec 18, 2009"
10,21,10,40,"Dec 21, 2009"
10,21,10,90,"Dec 24, 2009"
10,21,24,44,"Dec 27, 2009"
4,21,20,47,"Jan 4, 2010"
10,21,20,47,"Jan 5, 2010"
4,10,10,47,"Jan 7, 2010"
4,21,20,47,"Jan 8, 2010"
10,21,10,47,"Jan 10, 2010"
4,10,10,47,"Jan 11, 2010"
10,21,20,47,"Jan 13, 2010"
3,18,3,20,"Jan 22, 2010"
3,18,3,159,"Jan 24, 2010"
3,18,3,2,"Jan 26, 2010"
3,18,3,130,"Jan 29, 2010"
3,18,3,130,"Jan 31, 2010"
16,3,15,120,"Feb 5, 2010"
3,24,3,103,"Feb 7, 2010"
16,3,15,52,"Feb 8, 2010"
3,24,3,2,"Feb 9, 2010"
16,3,15,36,"Feb 11, 2010"
3,24,24,159,"Feb 12, 2010"
3,24,3,20,"Feb 14, 2010"
12,15,12,117,"Feb 16, 2010"
0,5,0,150,"Feb 16, 2010"
12,15,14,117,"Feb 18, 2010"
0,5,6,150,"Feb 18, 2010"
3,24,3,103,"Feb 19, 2010"
10,20,10,76,"Feb 21, 2010"
10,20,10,66,"Feb 24, 2010"
10,20,19,3,"Feb 27, 2010"
4,7,7,47,"Feb 28, 2010"
4,7,7,47,"Mar 2, 2010"
16,2,15,120,"Mar 3, 2010"
23,25,23,137,"Mar 4, 2010"
4,7,7,35,"Mar 5, 2010"
16,2,3,8,"Mar 6, 2010"
23,25,22,137,"Mar 6, 2010"
16,2,3,68,"Mar 9, 2010"
23,25,22,88,"Mar 10, 2010"
16,2,3,8,"Mar 11, 2010"
23,25,22,88,"Mar 12, 2010"
16,2,15,173,"Mar 13, 2010"
23,25,22,88,"Mar 14, 2010"
23,5,22,87,"Apr 13, 2010"
23,11,22,87,"Apr 15, 2010"
23,20,19,124,"May 22, 2010"
23,20,19,124,"May 24, 2010"
24,10,23,22,"May 28, 2010"
23,20,19,144,"May 28, 2010"
10,21,10,22,"May 30, 2010"
23,20,19,144,"May 30, 2010"
24,21,20,22,"Jun 1, 2010"
24,10,23,69,"Jun 3, 2010"
23,20,19,135,"Jun 3, 2010"
10,21,20,69,"Jun 5, 2010"
24,21,23,69,"Jun 7, 2010"
24,21,20,69,"Jun 9, 2010"
21,18,20,41,"Jun 15, 2010"
15,19,14,145,"Jun 15, 2010"
4,10,10,41,"Jun 16, 2010"
11,2,3,50,"Jun 17, 2010"
21,3,20,41,"Jun 18, 2010"
10,18,10,41,"Jun 19, 2010"
19,7,7,55,"Jun 19, 2010"
4,18,17,41,"Jun 21, 2010"
21,10,20,41,"Jun 22, 2010"
8,2,7,154,"Jun 22, 2010"
21,10,10,41,"Jun 24, 2010"
8,2,7,27,"Jun 24, 2010"
8,2,7,101,"Jun 27, 2010"
8,2,3,165,"Jun 30, 2010"
0,5,0,164,"Jul 1, 2010"
11,12,11,145,"Jul 1, 2010"
15,19,18,7,"Jul 1, 2010"
0,11,11,145,"Jul 3-4, 2010"
6,19,18,7,"Jul 3, 2010"
15,12,14,164,"Jul 3, 2010"
8,2,3,98,"Jul 3, 2010"
0,12,0,7,"Jul 5, 2010"
11,19,11,164,"Jul 5, 2010"
15,5,14,145,"Jul 5, 2010"
6,11,11,7,"Jul 7, 2010"
12,19,18,145,"Jul 7, 2010"
15,0,0,164,"Jul 7, 2010"
8,3,7,126,"Jul 8, 2010"
0,19,18,145,"Jul 9, 2010"
6,12,6,149,"Jul 9, 2010"
15,11,11,7,"Jul 9, 2010"
6,12,6,149,"Jul 10, 2010"
11,19,11,7,"Jul 10, 2010"
15,0,0,145,"Jul 10, 2010"
8,3,4,21,"Jul 10, 2010"
8,3,7,16,"Jul 12, 2010"
11,3,11,12,"Jul 15, 2010"
11,3,4,12,"Jul 16, 2010"
4,15,14,61,"Jul 20, 2010"
10,16,15,41,"Aug 10, 2010"
21,16,20,41,"Aug 13, 2010"
21,10,10,41,"Aug 16, 2010"
19,0,0,9,"Aug 16, 2010"
11,15,11,50,"Aug 16, 2010"
19,0,18,9,"Aug 17, 2010"
11,15,11,50,"Aug 18, 2010"
21,16,24,41,"Aug 19-20, 2010"
21,10,20,41,"Aug 22, 2010"
10,16,10,41,"Aug 25, 2010"
21,10,20,41,"Aug 28, 2010"
6,11,6,167,"Sep 6, 2010"
6,11,11,167,"Sep 7, 2010"
8,18,7,34,"Sep 10, 2010"
8,18,7,95,"Sep 12, 2010"
8,18,17,165,"Sep 17, 2010"
8,18,17,98,"Sep 20, 2010"
8,18,7,154,"Sep 22, 2010"
24,11,23,69,"Sep 26, 2010"
24,11,23,69,"Sep 28, 2010"
24,11,11,69,"Sep 30, 2010"
4,16,4,47,"Oct 5, 2010"
12,0,12,117,"Oct 7, 2010"
12,0,0,117,"Oct 9, 2010"
4,16,4,47,"Oct 11, 2010"
12,0,12,117,"Oct 11, 2010"
4,16,4,47,"Oct 14, 2010"
20,25,19,17,"Oct 15, 2010"
4,16,4,47,"Oct 17, 2010"
20,25,19,136,"Oct 17, 2010"
10,2,10,172,"Oct 20, 2010"
20,25,19,14,"Oct 22, 2010"
18,20,19,1,"Oct 29, 2010"
18,20,17,1,"Oct 31, 2010"
18,20,19,49,"Nov 2, 2010"
3,21,20,103,"Nov 3, 2010"
3,21,20,159,"Nov 5, 2010"
18,20,17,49,"Nov 5, 2010"
3,21,3,20,"Nov 7, 2010"
18,20,19,49,"Nov 8, 2010"
10,16,10,65,"Nov 28, 2010"
4,25,23,47,"Dec 1, 2010"
10,16,10,76,"Dec 1, 2010"
4,25,4,47,"Dec 3, 2010"
10,16,10,170,"Dec 4, 2010"
4,25,4,47,"Dec 6, 2010"
10,16,10,13,"Dec 7, 2010"
10,16,10,33,"Dec 10, 2010"
4,25,4,35,"Dec 12, 2010"
20,10,19,53,"Jan 12, 2011"
20,10,10,80,"Jan 15, 2011"
3,7,3,103,"Jan 16, 2011"
20,10,10,26,"Jan 18, 2011"
3,7,3,70,"Jan 21, 2011"
20,10,19,133,"Jan 21, 2011"
16,18,15,173,"Jan 22, 2011"
3,7,3,159,"Jan 23, 2011"
20,10,19,29,"Jan 23, 2011"
16,18,24,139,"Jan 26, 2011"
3,7,7,2,"Jan 26, 2011"
16,18,17,36,"Jan 29, 2011"
3,7,3,20,"Jan 30, 2011"
21,24,24,39,"Jan 31, 2011"
16,18,17,120,"Feb 1, 2011"
3,7,3,159,"Feb 2, 2011"
16,18,17,68,"Feb 3, 2011"
21,24,20,39,"Feb 3, 2011"
16,18,15,8,"Feb 5, 2011"
3,7,3,130,"Feb 6, 2011"
21,24,20,39,"Feb 6, 2011"
4,10,10,47,"Feb 19, 2011"
12,16,15,33,"Feb 20, 2011"
21,5,20,67,"Feb 20, 2011"
3,25,3,3,"Feb 21, 2011"
8,15,7,113,"Feb 22, 2011"
12,18,17,67,"Feb 23, 2011"
20,24,19,44,"Feb 24, 2011"
3,16,3,113,"Feb 25, 2011"
4,11,4,47,"Feb 25, 2011"
21,18,17,38,"Feb 26, 2011"
10,7,25,13,"Feb 27, 2011"
6,25,23,113,"Feb 28, 2011"
15,24,22,44,"Feb 28, 2011"
21,12,20,38,"Mar 1, 2011"
8,11,11,13,"Mar 2, 2011"
15,20,19,105,"Mar 3, 2011"
6,18,17,38,"Mar 3, 2011"
16,25,15,3,"Mar 4, 2011"
4,24,22,47,"Mar 4, 2011"
21,2,24,38,"Mar 5, 2011"
8,20,7,33,"Mar 6, 2011"
10,11,10,13,"Mar 6, 2011"
6,12,6,44,"Mar 7, 2011"
16,18,15,128,"Mar 8, 2011"
10,15,10,44,"Mar 9, 2011"
21,25,20,128,"Mar 10, 2011"
11,24,22,105,"Mar 11, 2011"
4,7,4,35,"Mar 11, 2011"
10,20,19,113,"Mar 12, 2011"
6,16,15,111,"Mar 13, 2011"
3,12,3,13,"Mar 13, 2011"
4,15,4,35,"Mar 14, 2011"
18,25,17,128,"Mar 14, 2011"
11,20,19,90,"Mar 15, 2011"
3,5,3,13,"Mar 16, 2011"
8,24,7,33,"Mar 17, 2011"
11,15,11,90,"Mar 18, 2011"
16,21,20,111,"Mar 18, 2011"
4,20,19,47,"Mar 19, 2011"
3,18,17,38,"Mar 19, 2011"
12,25,23,90,"Mar 20, 2011"
10,24,10,33,"Mar 20, 2011"
18,24,17,47,"Mar 23, 2011"
10,2,10,3,"Mar 24, 2011"
16,20,15,47,"Mar 25, 2011"
21,7,20,38,"Mar 26, 2011"
21,16,20,38,"Mar 29, 2011"
10,18,10,105,"Mar 30, 2011"
10,21,10,111,"Apr 2, 2011"
4,2,3,47,"Apr 9, 2011"
4,2,3,47,"Apr 11, 2011"
4,2,3,47,"Apr 13, 2011"
23,18,17,63,"Apr 23, 2011"
23,18,17,63,"Apr 25, 2011"
23,18,17,19,"Apr 28, 2011"
23,18,22,19,"May 2, 2011"
23,18,22,137,"May 5, 2011"
11,18,17,12,"May 28, 2011"
11,18,17,12,"May 30, 2011"
23,10,10,135,"Jun 6, 2011"
23,10,10,135,"Jun 8, 2011"
23,10,10,124,"Jun 11, 2011"
23,10,22,124,"Jun 13, 2011"
23,10,22,87,"Jun 16, 2011"
19,15,18,0,"Jun 28, 2011"
8,21,7,165,"Jun 28, 2011"
19,15,18,0,"Jun 29, 2011"
8,21,20,95,"Jul 1, 2011"
8,21,20,98,"Jul 3, 2011"
8,21,7,126,"Jul 6, 2011"
8,21,7,101,"Jul 9, 2011"
19,11,18,55,"Jul 12, 2011"
19,21,20,55,"Jul 13, 2011"
6,0,0,86,"Aug 7, 2011"
6,0,0,167,"Aug 9, 2011"
21,2,3,128,"Aug 10, 2011"
24,3,23,69,"Aug 12, 2011"
24,3,23,69,"Aug 14, 2011"
21,2,3,67,"Aug 14, 2011"
24,3,23,69,"Aug 16, 2011"
21,2,20,67,"Aug 16, 2011"
24,3,4,22,"Aug 19, 2011"
21,2,3,38,"Aug 20, 2011"
24,3,4,22,"Aug 21, 2011"
21,2,20,38,"Aug 22, 2011"
11,7,7,50,"Aug 25, 2011"
8,10,24,34,"Sep 3, 2011"
8,10,7,154,"Sep 6, 2011"
24,18,17,22,"Sep 8, 2011"
8,10,7,165,"Sep 9, 2011"
24,18,17,69,"Sep 11, 2011"
8,10,25,98,"Sep 11, 2011"
15,12,14,164,"Sep 12, 2011"
15,12,14,164,"Sep 13, 2011"
24,18,17,69,"Sep 14, 2011"
8,10,7,27,"Sep 16, 2011"
11,5,11,50,"Sep 19, 2011"
11,5,11,50,"Sep 20, 2011"
4,24,22,47,"Oct 13, 2011"
10,7,10,72,"Oct 14, 2011"
4,24,22,47,"Oct 15, 2011"
10,7,10,44,"Oct 17, 2011"
4,24,4,35,"Oct 18, 2011"
20,2,3,29,"Oct 19, 2011"
24,16,15,69,"Oct 20, 2011"
10,7,10,105,"Oct 20, 2011"
24,16,15,69,"Oct 22, 2011"
10,7,10,111,"Oct 23, 2011"
20,2,19,133,"Oct 23, 2011"
24,16,23,22,"Oct 25, 2011"
10,7,10,90,"Oct 25, 2011"
20,2,3,53,"Oct 28, 2011"
18,21,17,49,"Nov 11, 2011"
18,21,20,49,"Nov 14, 2011"
18,21,17,49,"Nov 18, 2011"
18,21,17,150,"Nov 20, 2011"
18,21,17,1,"Nov 23, 2011"
10,24,10,40,"Nov 29, 2011"
4,18,17,47,"Dec 1, 2011"
10,24,10,172,"Dec 2, 2011"
4,18,17,47,"Dec 3, 2011"
10,24,22,3,"Dec 5, 2011"
4,18,17,35,"Dec 6, 2011"
10,24,10,75,"Dec 8, 2011"
10,24,10,33,"Dec 11, 2011"
20,21,19,127,"Jan 11, 2012"
20,21,19,54,"Jan 14, 2012"
20,21,19,17,"Jan 17, 2012"
20,21,20,85,"Jan 20, 2012"
20,21,20,80,"Jan 22, 2012"
16,25,15,52,"Feb 3, 2012"
3,10,3,103,"Feb 5, 2012"
16,25,15,174,"Feb 6, 2012"
10,21,10,130,"Feb 8, 2012"
16,25,15,120,"Feb 9, 2012"
3,21,3,130,"Feb 10, 2012"
0,18,17,150,"Feb 10, 2012"
3,10,10,2,"Feb 12, 2012"
8,18,7,1,"Feb 13, 2012"
10,21,25,2,"Feb 14, 2012"
8,18,7,1,"Feb 15, 2012"
3,21,20,159,"Feb 17, 2012"
12,11,12,106,"Feb 18, 2012"
8,18,7,49,"Feb 18, 2012"
3,10,3,20,"Feb 19, 2012"
12,11,11,106,"Feb 20, 2012"
10,21,20,20,"Feb 21, 2012"
8,18,7,49,"Feb 21, 2012"
3,21,20,70,"Feb 24, 2012"
16,20,19,173,"Feb 25, 2012"
3,10,3,159,"Feb 26, 2012"
10,21,10,70,"Feb 28, 2012"
16,20,19,120,"Feb 29, 2012"
3,21,20,103,"Mar 2, 2012"
16,20,19,8,"Mar 3, 2012"
3,21,3,20,"Mar 4, 2012"
3,21,20,2,"Mar 6, 2012"
3,21,3,2,"Mar 8, 2012"
4,18,17,47,"Mar 11, 2012"
10,21,10,47,"Mar 13, 2012"
18,21,17,47,"Mar 15, 2012"
4,10,4,47,"Mar 16, 2012"
23,2,3,88,"Mar 16, 2012"
10,18,10,47,"Mar 18, 2012"
23,2,22,88,"Mar 18, 2012"
4,21,4,47,"Mar 20, 2012"
23,2,25,88,"Mar 20, 2012"
4,18,17,47,"Mar 22, 2012"
23,2,22,63,"Mar 23, 2012"
23,2,3,63,"Mar 25, 2012"
0,15,14,150,"Mar 29, 2012"
0,15,0,150,"Mar 31, 2012"
21,18,17,128,"Jun 7, 2012"
21,18,20,128,"Jun 9, 2012"
21,18,24,38,"Jun 13, 2012"
21,18,20,38,"Jun 16, 2012"
8,24,7,154,"Jun 16, 2012"
21,18,20,38,"Jun 18, 2012"
8,24,7,165,"Jun 19, 2012"
11,2,24,12,"Jun 23, 2012"
8,2,7,98,"Jun 29, 2012"
8,2,7,165,"Jul 1, 2012"
11,0,11,50,"Jul 5, 2012"
23,16,22,87,"Jul 5, 2012"
8,2,7,34,"Jul 7, 2012"
23,16,22,87,"Jul 7, 2012"
8,2,7,101,"Jul 10, 2012"
19,5,18,9,"Jul 11-12, 2012"
23,16,15,11,"Jul 11, 2012"
23,16,22,11,"Jul 14, 2012"
23,16,22,11,"Jul 16, 2012"
21,10,10,67,"Jul 21, 2012"
21,10,20,67,"Jul 24, 2012"
21,10,10,38,"Jul 28, 2012"
21,10,10,38,"Jul 31, 2012"
21,10,10,128,"Aug 4, 2012"
8,20,24,27,"Aug 24, 2012"
0,2,3,150,"Aug 25, 2012"
8,20,19,154,"Aug 28, 2012"
3,18,3,150,"Aug 28, 2012"
8,20,7,165,"Aug 31, 2012"
3,18,17,1,"Aug 31, 2012"
8,20,7,98,"Sep 2, 2012"
3,18,3,150,"Sep 3, 2012"
8,20,19,126,"Sep 5, 2012"
21,16,20,128,"Nov 4, 2012"
21,16,20,128,"Nov 6, 2012"
21,16,20,67,"Nov 10, 2012"
21,16,24,67,"Nov 12, 2012"
4,24,4,84,"Nov 30, 2012"
4,24,4,84,"Dec 2, 2012"
4,24,22,47,"Dec 5, 2012"
4,24,22,47,"Dec 7, 2012"
4,24,4,47,"Dec 8, 2012"
10,18,17,33,"Dec 30, 2012"
10,18,17,90,"Jan 3, 2013"
10,18,10,44,"Jan 6, 2013"
3,21,3,103,"Jan 11, 2013"
10,7,7,141,"Jan 11, 2013"
3,21,20,2,"Jan 13, 2013"
10,7,10,89,"Jan 15, 2013"
3,21,20,20,"Jan 18, 2013"
10,7,10,142,"Jan 19, 2013"
20,16,15,127,"Jan 19, 2013"
3,21,24,159,"Jan 20, 2013"
20,16,15,85,"Jan 22, 2013"
3,21,3,70,"Jan 23, 2013"
10,7,10,105,"Jan 23, 2013"
20,16,19,136,"Jan 25, 2013"
10,7,7,48,"Jan 27, 2013"
3,24,3,130,"Feb 1, 2013"
3,24,3,130,"Feb 3, 2013"
3,24,3,24,"Feb 6, 2013"
3,24,3,159,"Feb 8, 2013"
3,24,3,103,"Feb 10, 2013"
16,7,15,68,"Feb 17, 2013"
16,7,7,120,"Feb 20, 2013"
23,25,22,156,"Feb 22, 2013"
16,7,7,8,"Feb 23, 2013"
23,25,22,156,"Feb 24, 2013"
23,25,22,156,"Feb 26, 2013"
0,19,0,150,"Mar 6, 2013"
0,19,0,150,"Mar 8, 2013"
20,18,19,17,"Mar 10, 2013"
6,12,12,74,"Mar 11, 2013"
6,12,12,74,"Mar 13, 2013"
20,18,17,29,"Mar 15, 2013"
20,18,19,80,"Mar 17, 2013"
20,18,17,53,"Mar 21, 2013"
21,3,20,67,"Mar 23, 2013"
20,18,19,14,"Mar 24, 2013"
21,3,24,67,"Mar 25, 2013"
21,3,4,128,"Mar 28, 2013"
24,3,4,22,"May 3, 2013"
24,3,23,22,"May 5, 2013"
24,3,23,22,"May 8, 2013"
19,18,17,55,"May 17, 2013"
11,18,25,50,"May 23, 2013"
11,18,17,50,"May 26, 2013"
15,20,19,7,"May 31, 2013"
8,16,15,98,"May 31, 2013"
8,16,15,154,"Jun 2, 2013"
8,16,7,126,"Jun 5, 2013"
10,20,10,27,"Jun 6, 2013"
18,24,22,165,"Jun 7, 2013"
8,2,7,16,"Jun 8, 2013"
16,21,15,27,"Jun 9, 2013"
18,20,19,16,"Jun 10, 2013"
10,24,10,165,"Jun 11, 2013"
3,16,24,16,"Jun 12, 2013"
8,21,20,165,"Jun 13, 2013"
20,24,25,27,"Jun 14, 2013"
10,18,10,16,"Jun 15, 2013"
8,16,7,27,"Jun 16, 2013"
3,21,20,165,"Jun 17, 2013"
8,20,7,165,"Jun 19, 2013"
10,21,10,27,"Jun 20, 2013"
8,10,10,16,"Jun 23, 2013"
23,21,22,87,"Jun 28, 2013"
19,12,18,0,"Jun 30, 2013"
23,10,22,87,"Jun 30, 2013"
19,12,18,0,"Jul 2-3, 2013"
10,21,20,87,"Jul 2, 2013"
23,10,10,135,"Jul 5, 2013"
15,11,11,7,"Jul 7, 2013"
23,21,20,135,"Jul 7-8, 2013"
15,11,25,7,"Jul 9, 2013"
10,21,10,135,"Jul 9, 2013"
10,21,10,135,"Jul 11, 2013"
23,18,17,137,"Jul 14, 2013"
23,18,22,137,"Jul 16, 2013"
23,18,25,63,"Jul 19, 2013"
21,20,20,38,"Jul 20, 2013"
23,18,17,63,"Jul 21, 2013"
21,20,20,38,"Jul 23, 2013"
24,10,10,69,"Jul 24, 2013"
23,18,17,63,"Jul 24, 2013"
24,10,10,69,"Jul 26, 2013"
21,20,19,128,"Jul 26, 2013"
24,10,10,69,"Jul 28, 2013"
21,20,20,128,"Jul 28, 2013"
21,20,20,38,"Jul 31, 2013"
24,10,10,22,"Aug 1, 2013"
24,10,10,22,"Aug 3, 2013"
24,18,23,69,"Aug 27, 2013"
6,15,24,86,"Aug 27-28, 2013"
24,18,17,69,"Aug 29, 2013"
6,15,14,86,"Aug 29, 2013"
24,18,17,69,"Aug 31, 2013"
11,7,7,51,"Sep 3, 2013"
19,2,3,55,"Sep 3, 2013"
11,19,11,12,"Sep 6, 2013"
8,2,3,101,"Sep 8, 2013"
11,19,11,12,"Sep 8, 2013"
8,2,24,16,"Sep 11, 2013"
8,2,7,27,"Sep 14, 2013"
8,2,3,154,"Sep 16, 2013"
0,12,0,150,"Oct 2, 2013"
0,12,0,150,"Oct 4, 2013"
10,2,3,138,"Oct 13, 2013"
10,2,10,76,"Oct 16, 2013"
10,2,3,105,"Oct 19, 2013"
10,2,24,142,"Oct 23, 2013"
4,16,4,47,"Oct 29, 2013"
10,2,10,113,"Oct 30, 2013"
18,20,19,150,"Oct 30, 2013"
4,16,4,47,"Oct 31, 2013"
18,20,17,49,"Nov 1, 2013"
10,2,10,13,"Nov 2, 2013"
4,16,4,58,"Nov 3, 2013"
18,20,19,1,"Nov 6, 2013"
18,20,19,1,"Nov 8, 2013"
21,16,24,67,"Nov 10, 2013"
18,20,19,150,"Nov 11, 2013"
21,16,15,67,"Nov 12, 2013"
21,16,20,41,"Nov 16, 2013"
10,24,10,89,"Nov 21, 2013"
10,24,22,172,"Nov 24, 2013"
20,18,17,26,"Nov 24, 2013"
10,24,10,82,"Nov 27, 2013"
20,18,17,133,"Nov 27, 2013"
20,18,19,29,"Nov 30, 2013"
20,10,19,80,"Dec 5, 2013"
20,10,19,53,"Dec 8, 2013"
20,10,24,29,"Dec 11, 2013"
18,21,17,150,"Dec 18, 2013"
18,21,20,49,"Dec 20, 2013"
18,21,17,150,"Dec 22, 2013"
18,21,17,1,"Dec 25, 2013"
16,24,22,8,"Dec 26, 2013"
18,21,20,1,"Dec 27, 2013"
16,24,15,139,"Jan 1, 2014"
16,24,15,121,"Jan 4, 2014"
16,24,22,68,"Jan 8, 2014"
3,7,3,103,"Jan 12, 2014"
3,7,3,20,"Jan 17, 2014"
16,10,15,120,"Jan 19, 2014"
3,7,3,159,"Jan 19, 2014"
16,10,15,68,"Jan 22, 2014"
6,19,18,36,"Jan 23, 2014"
12,15,12,97,"Jan 23, 2014"
3,7,7,130,"Jan 24, 2014"
16,10,25,8,"Jan 25, 2014"
3,7,3,2,"Jan 26, 2014"
6,15,14,109,"Jan 28, 2014"
16,10,15,68,"Jan 28, 2014"
12,19,18,36,"Jan 30, 2014"
16,10,15,173,"Jan 31, 2014"
19,22,18,97,"Feb 1, 2014"
4,21,20,47,"Feb 17, 2014"
4,21,20,47,"Feb 20, 2014"
4,21,20,47,"Feb 22, 2014"
23,11,22,87,"Feb 23, 2014"
18,21,20,58,"Feb 25, 2014"
4,10,10,58,"Feb 26, 2014"
0,18,17,58,"Feb 27, 2014"
10,21,20,58,"Feb 28, 2014"
23,7,22,124,"Feb 28, 2014"
4,0,0,58,"Mar 1, 2014"
10,18,17,47,"Mar 2, 2014"
23,7,7,124,"Mar 2, 2014"
0,21,20,47,"Mar 3, 2014"
4,18,17,47,"Mar 4, 2014"
0,10,10,47,"Mar 5, 2014"
23,7,7,124,"Mar 5, 2014"
4,21,20,47,"Mar 6, 2014"
18,21,20,47,"Mar 8, 2014"
0,8,0,91,"May 1, 2014"
0,22,0,91,"May 2, 2014"
9,22,21,91,"May 4, 2014"
11,21,20,50,"May 6, 2014"
19,7,7,0,"May 9, 2014"
8,21,7,165,"May 22, 2014"
8,21,20,34,"May 25, 2014"
8,21,7,101,"May 28, 2014"
8,21,20,98,"May 31, 2014"
8,21,20,16,"Jun 3, 2014"
4,10,10,47,"Jun 15, 2014"
4,10,10,47,"Jun 17, 2014"
4,10,24,47,"Jun 19, 2014"
21,20,19,38,"Jul 6, 2014"
21,20,20,128,"Jul 9, 2014"
21,20,19,67,"Jul 12, 2014"
24,0,23,22,"Jul 18, 2014"
24,0,23,22,"Jul 20, 2014"
24,0,0,22,"Jul 22, 2014"
24,0,0,22,"Jul 24, 2014"
24,20,19,22,"Aug 17, 2014"
24,20,19,22,"Aug 19, 2014"
23,3,22,156,"Aug 20, 2014"
24,20,19,22,"Aug 21, 2014"
23,3,22,156,"Aug 22, 2014"
21,18,17,67,"Aug 23, 2014"
24,2,3,69,"Aug 25, 2014"
23,3,22,11,"Aug 25, 2014"
21,18,20,67,"Aug 26, 2014"
3,20,19,69,"Aug 27, 2014"
8,10,10,27,"Aug 27, 2014"
24,20,19,69,"Aug 29, 2014"
21,18,20,41,"Aug 30, 2014"
8,10,10,126,"Aug 30, 2014"
24,2,23,69,"Aug 31, 2014"
3,20,3,69,"Sep 2, 2014"
8,10,10,16,"Sep 2, 2014"
24,20,19,69,"Sep 4, 2014"
8,10,7,95,"Sep 5, 2014"
3,20,19,69,"Sep 6, 2014"
11,19,11,51,"Sep 8, 2014"
11,19,11,51,"Sep 10, 2014"
11,19,18,51,"Sep 12, 2014"
3,18,3,150,"Oct 7, 2014"
10,24,22,89,"Oct 8, 2014"
3,18,3,49,"Oct 10, 2014"
10,24,10,44,"Oct 11, 2014"
3,18,3,1,"Oct 12, 2014"
10,24,10,48,"Oct 17, 2014"
16,20,19,109,"Oct 21, 2014"
16,20,19,109,"Oct 24, 2014"
16,20,24,68,"Oct 27, 2014"
10,21,10,40,"Nov 2, 2014"
10,21,10,3,"Nov 6, 2014"
9,17,16,168,"Nov 8, 2014"
9,17,16,168,"Nov 9, 2014"
10,21,10,72,"Nov 9, 2014"
10,21,10,90,"Nov 13, 2014"
3,20,3,130,"Nov 14, 2014"
3,20,19,130,"Nov 16, 2014"
10,21,10,142,"Nov 16, 2014"
3,20,3,24,"Nov 19, 2014"
3,20,3,103,"Nov 21, 2014"
4,25,4,35,"Nov 21, 2014"
3,20,3,159,"Nov 23, 2014"
4,25,4,35,"Nov 23, 2014"
4,25,4,47,"Nov 26, 2014"
21,7,20,38,"Nov 26, 2014"
4,25,4,47,"Nov 28, 2014"
22,0,21,74,"Nov 28, 2014"
21,7,20,38,"Nov 29, 2014"
22,0,21,74,"Nov 30, 2014"
4,25,4,47,"Dec 1, 2014"
22,0,0,74,"Dec 2, 2014"
21,7,7,67,"Dec 3, 2014"
22,0,21,74,"Dec 4, 2014"
21,7,20,38,"Dec 7, 2014"
16,18,17,49,"Dec 8, 2014"
21,7,7,128,"Dec 10-11, 2014"
16,18,15,150,"Dec 12, 2014"
21,7,20,128,"Dec 13, 2014"
16,18,17,150,"Dec 14, 2014"
21,7,20,38,"Dec 16, 2014"
16,18,15,1,"Dec 17, 2014"
16,18,15,1,"Dec 19, 2014"
0,19,0,74,"Jan 8, 2015"
0,11,11,49,"Jan 10, 2015"
16,21,15,36,"Jan 11, 2015"
11,19,11,49,"Jan 12, 2015"
0,19,18,1,"Jan 14, 2015"
16,21,20,68,"Jan 15, 2015"
3,7,3,159,"Jan 16, 2015"
20,24,19,53,"Jan 16, 2015"
16,21,24,8,"Jan 17, 2015"
0,11,0,49,"Jan 17, 2015"
3,10,3,103,"Jan 18, 2015"
20,24,19,80,"Jan 18, 2015"
11,19,24,74,"Jan 19, 2015"
16,21,15,121,"Jan 20, 2015"
8,10,7,20,"Jan 20, 2015"
20,24,19,54,"Jan 21, 2015"
16,21,15,52,"Jan 23, 2015"
3,7,3,70,"Jan 23, 2015"
16,21,15,52,"Jan 25, 2015"
20,24,22,133,"Jan 25, 2015"
3,10,24,159,"Jan 26, 2015"
20,24,19,29,"Jan 28, 2015"
16,21,20,173,"Jan 29, 2015"
8,10,7,130,"Jan 30, 2015"
16,18,15,173,"Jan 31, 2015"
3,7,3,130,"Feb 1, 2015"
16,18,15,120,"Feb 3, 2015"
16,21,15,36,"Feb 14, 2015"
3,7,3,103,"Feb 14, 2015"
20,25,19,68,"Feb 15, 2015"
10,18,10,2,"Feb 15, 2015"
11,24,11,121,"Feb 16, 2015"
16,19,15,52,"Feb 17, 2015"
0,3,4,24,"Feb 18, 2015"
22,25,23,121,"Feb 19, 2015"
16,7,15,173,"Feb 20, 2015"
18,24,22,36,"Feb 21, 2015"
0,21,20,52,"Feb 22, 2015"
10,20,10,103,"Feb 22, 2015"
8,19,7,36,"Feb 23, 2015"
23,25,22,24,"Feb 24, 2015"
11,22,11,20,"Feb 25, 2015"
0,19,0,52,"Feb 26, 2015"
4,21,20,103,"Feb 26, 2015"
20,24,19,159,"Feb 27, 2015"
16,2,15,8,"Feb 28, 2015"
10,22,10,130,"Feb 28, 2015"
8,21,20,173,"Mar 1, 2015"
18,25,17,20,"Mar 1, 2015"
11,20,19,24,"Mar 3, 2015"
18,22,17,120,"Mar 4, 2015"
3,0,3,130,"Mar 4, 2015"
4,19,4,121,"Mar 5, 2015"
10,24,10,130,"Mar 6, 2015"
18,20,17,8,"Mar 7, 2015"
11,25,11,70,"Mar 7, 2015"
16,0,15,120,"Mar 8, 2015"
3,21,3,159,"Mar 8, 2015"
4,7,4,2,"Mar 9, 2015"
10,11,10,68,"Mar 10, 2015"
19,21,20,70,"Mar 11, 2015"
20,22,19,173,"Mar 12, 2015"
16,3,15,68,"Mar 13, 2015"
0,7,7,159,"Mar 13, 2015"
10,25,10,8,"Mar 14, 2015"
3,19,3,70,"Mar 14, 2015"
22,24,22,120,"Mar 15, 2015"
11,18,17,2,"Mar 15, 2015"
20,21,19,159,"Mar 18, 2015"
4,10,10,103,"Mar 19, 2015"
3,18,3,2,"Mar 20, 2015"
16,24,15,173,"Mar 21, 2015"
16,20,15,8,"Mar 24, 2015"
3,10,3,159,"Mar 26, 2015"
3,16,3,103,"Mar 29, 2015"
4,18,4,47,"Apr 17, 2015"
4,18,4,47,"Apr 19, 2015"
4,18,4,47,"Apr 22, 2015"
11,7,24,51,"May 8, 2015"
18,25,17,93,"May 26, 2015"
18,25,17,93,"May 29, 2015"
18,25,24,93,"May 31, 2015"
8,16,7,16,"Jun 9, 2015"
8,16,15,165,"Jun 12, 2015"
8,16,15,154,"Jun 14, 2015"
8,16,7,126,"Jun 17, 2015"
4,10,4,47,"Jun 18, 2015"
8,16,7,34,"Jun 20, 2015"
4,10,4,47,"Jun 21, 2015"
4,10,10,47,"Jun 24, 2015"
24,10,10,69,"Jul 10, 2015"
4,20,19,47,"Jul 10, 2015"
21,18,17,41,"Jul 11, 2015"
24,10,10,69,"Jul 12, 2015"
4,20,4,47,"Jul 12, 2015"
24,10,10,69,"Jul 14, 2015"
4,20,4,35,"Jul 15, 2015"
21,18,20,128,"Jul 15, 2015"
21,18,17,38,"Jul 19, 2015"
21,18,17,38,"Jul 22, 2015"
21,18,20,67,"Jul 26, 2015"
24,16,23,69,"Aug 2, 2015"
24,16,15,69,"Aug 4, 2015"
24,16,15,69,"Aug 7, 2015"
20,16,19,29,"Aug 19, 2015"
20,16,15,136,"Aug 23, 2015"
20,16,19,53,"Aug 26, 2015"
11,2,3,12,"Aug 27, 2015"
8,2,3,154,"Sep 3, 2015"
8,2,3,98,"Sep 5, 2015"
8,2,7,101,"Sep 8, 2015"
8,2,7,95,"Sep 11, 2015"
8,2,3,101,"Sep 13, 2015"
24,18,17,69,"Oct 1, 2015"
24,18,23,69,"Oct 3, 2015"
24,18,17,69,"Oct 5, 2015"
24,11,23,69,"Oct 9, 2015"
10,20,19,82,"Oct 11, 2015"
24,11,23,69,"Oct 11, 2015"
24,11,11,69,"Oct 13, 2015"
10,20,10,75,"Oct 14, 2015"
24,0,23,22,"Oct 16, 2015"
24,0,0,22,"Oct 18, 2015"
10,20,19,141,"Oct 18, 2015"
24,0,23,22,"Oct 20, 2015"
24,0,0,22,"Oct 22, 2015"
10,20,10,33,"Oct 22, 2015"
24,0,0,22,"Oct 24, 2015"
10,20,19,111,"Oct 25, 2015"
21,24,20,38,"Nov 1, 2015"
21,24,20,38,"Nov 4, 2015"
4,25,4,47,"Nov 7, 2015"
21,24,20,128,"Nov 7, 2015"
4,25,4,47,"Nov 9, 2015"
4,25,4,47,"Nov 11, 2015"
8,18,17,1,"Nov 11, 2015"
8,18,7,1,"Nov 13, 2015"
22,8,8,74,"Nov 16, 2015"
8,18,7,150,"Nov 17, 2015"
22,8,8,74,"Nov 18, 2015"
8,18,7,49,"Nov 20, 2015"
0,25,0,150,"Dec 25, 2015"
16,21,15,36,"Dec 26, 2015"
16,21,15,36,"Dec 28, 2015"
0,25,0,150,"Dec 29, 2015"
16,21,20,121,"Dec 31, 2015"
16,21,24,121,"Jan 2, 2016"
0,25,23,150,"Jan 2, 2016"
0,25,23,150,"Jan 4, 2016"
16,21,15,109,"Jan 5, 2016"
0,25,0,150,"Jan 6, 2016"
3,10,3,130,"Jan 12, 2016"
3,10,3,20,"Jan 15, 2016"
3,10,3,103,"Jan 17, 2016"
3,10,3,24,"Jan 20, 2016"
3,10,10,159,"Jan 23, 2016"
16,18,15,173,"Jan 25, 2016"
9,19,8,107,"Jan 26, 2016"
16,18,15,8,"Jan 31, 2016"
16,2,15,8,"Feb 3, 2016"
20,7,7,17,"Feb 3, 2016"
16,2,3,173,"Feb 6, 2016"
20,7,7,133,"Feb 6, 2016"
16,2,15,68,"Feb 8, 2016"
20,7,19,29,"Feb 9, 2016"
20,7,19,80,"Feb 12, 2016"
20,7,19,26,"Feb 14, 2016"
23,20,22,137,"Jun 3, 2016"
23,2,3,137,"Jun 5, 2016"
3,20,19,137,"Jun 7, 2016"
24,10,10,69,"Jun 11, 2016"
3,20,3,11,"Jun 11, 2016"
24,10,10,69,"Jun 13, 2016"
23,2,22,11,"Jun 13, 2016"
24,10,10,69,"Jun 15, 2016"
23,20,19,11,"Jun 15, 2016"
11,21,20,51,"Jun 16, 2016"
11,21,20,51,"Jun 18, 2016"
3,20,24,19,"Jun 19, 2016"
8,21,25,126,"Jun 21, 2016"
23,2,3,19,"Jun 21, 2016"
8,21,7,16,"Jun 24, 2016"
23,20,22,19,"Jun 24, 2016"
8,21,24,21,"Jun 26, 2016"
23,2,3,19,"Jun 26, 2016"
8,21,7,165,"Jun 29, 2016"
8,21,7,27,"Jul 2, 2016"
19,0,24,55,"Jul 4, 2016"
19,0,0,55,"Jul 6, 2016"
11,0,0,12,"Jul 12, 2016"
11,0,11,12,"Jul 14, 2016"
11,0,0,12,"Jul 17, 2016"
11,0,11,12,"Jul 19, 2016"
19,22,18,55,"Aug 14, 2016"
19,22,18,55,"Aug 16, 2016"
11,18,17,51,"Aug 18, 2016"
21,2,3,38,"Aug 21, 2016"
21,2,20,38,"Aug 24, 2016"
8,18,7,154,"Aug 24, 2016"
8,18,7,98,"Aug 27, 2016"
21,2,3,41,"Aug 28, 2016"
8,18,7,126,"Aug 30, 2016"
21,2,3,41,"Aug 31, 2016"
8,18,7,95,"Sep 1, 2016"
21,2,3,128,"Sep 4, 2016"
8,18,17,27,"Sep 4, 2016"
19,8,24,55,"Sep 8, 2016"
19,8,18,55,"Sep 10, 2016"
20,11,19,14,"Sep 25, 2016"
4,0,4,47,"Sep 25, 2016"
3,11,3,14,"Sep 27, 2016"
4,0,0,47,"Sep 28, 2016"
18,24,17,150,"Sep 30, 2016"
20,2,19,29,"Sep 30, 2016"
4,0,4,47,"Oct 1, 2016"
20,2,19,80,"Oct 2, 2016"
18,24,17,150,"Oct 2, 2016"
18,24,17,1,"Oct 5, 2016"
20,2,19,53,"Oct 5, 2016"
4,7,7,47,"Oct 7, 2016"
20,2,19,133,"Oct 9, 2016"
4,7,4,47,"Oct 9, 2016"
4,7,7,35,"Oct 12, 2016"
20,2,19,26,"Oct 12, 2016"
10,16,10,48,"Oct 16, 2016"
10,16,15,44,"Oct 20, 2016"
10,16,10,105,"Oct 23, 2016"
10,16,15,142,"Oct 26, 2016"
10,16,10,172,"Oct 29, 2016"
9,17,8,107,"Nov 4, 2016"
9,17,16,107,"Nov 6, 2016"
9,17,8,107,"Nov 8, 2016"
24,21,20,69,"Nov 14, 2016"
21,24,22,69,"Nov 16, 2016"
24,24,25,22,"Nov 19, 2016"
24,21,24,22,"Nov 21, 2016"
21,24,20,22,"Nov 23, 2016"
24,24,23,22,"Nov 25, 2016"
24,21,20,22,"Nov 27, 2016"
3,16,3,159,"Dec 4, 2016"
3,16,3,24,"Dec 6, 2016"
3,16,3,103,"Dec 9, 2016"
16,3,15,36,"Dec 26, 2016"
16,3,15,121,"Dec 29, 2016"
16,3,15,121,"Dec 31, 2016"
3,18,3,20,"Jan 13, 2017"
3,18,17,103,"Jan 15, 2017"
10,7,10,138,"Jan 15, 2017"
3,18,3,130,"Jan 19, 2017"
10,7,10,40,"Jan 19, 2017"
3,18,3,159,"Jan 22, 2017"
9,19,8,1,"Jan 22, 2017"
10,7,7,90,"Jan 22, 2017"
22,19,21,49,"Jan 24, 2017"
3,18,3,2,"Jan 26, 2017"
22,8,21,49,"Jan 26, 2017"
20,21,19,133,"Jan 28, 2017"
16,2,15,8,"Jan 30, 2017"
20,21,19,53,"Feb 1, 2017"
20,21,19,80,"Feb 4, 2017"
16,2,15,68,"Feb 5, 2017"
20,21,19,26,"Feb 7, 2017"
20,21,19,29,"Feb 10, 2017"
24,0,0,69,"Feb 16, 2017"
16,20,19,68,"Feb 19, 2017"
24,0,0,69,"Feb 19, 2017"
24,0,23,69,"Feb 21, 2017"
16,20,15,36,"Feb 22, 2017"
24,0,23,69,"Feb 24, 2017"
16,20,19,173,"Feb 25, 2017"
24,0,0,69,"Feb 26, 2017"
16,20,15,68,"Mar 1, 2017"
22,11,11,74,"Mar 2, 2017"
23,7,7,124,"Mar 3, 2017"
16,20,19,8,"Mar 4, 2017"
22,11,11,74,"Mar 4, 2017"
23,7,7,124,"Mar 5, 2017"
23,7,7,19,"Mar 9, 2017"
0,11,0,62,"Mar 15, 2017"
0,11,0,62,"Mar 17, 2017"
0,11,11,62,"Mar 19, 2017"
0,11,11,62,"Mar 22, 2017"
0,11,0,62,"Mar 24, 2017"
21,3,4,41,"Mar 25, 2017"
21,3,24,41,"Mar 28, 2017"
22,17,21,1,"Mar 31, 2017"
21,3,20,39,"Apr 1, 2017"
22,17,16,1,"Apr 2, 2017"
22,17,21,1,"Apr 4, 2017"
23,18,22,137,"Apr 7, 2017"
23,18,17,137,"Apr 9, 2017"
23,18,17,137,"Apr 11, 2017"
8,11,7,21,"May 5, 2017"
8,11,7,98,"May 7, 2017"
11,3,24,51,"May 12, 2017"
11,16,15,51,"May 14, 2017"
4,16,15,50,"May 17, 2017"
11,3,4,51,"May 19, 2017"
11,16,15,51,"May 21, 2017"
4,16,4,50,"May 24, 2017"
8,20,7,95,"May 24, 2017"
8,20,7,154,"May 27, 2017"
8,20,19,98,"May 29, 2017"
8,3,7,165,"Jun 1, 2017"
3,16,24,16,"Jun 2, 2017"
20,21,19,165,"Jun 3, 2017"
10,18,10,16,"Jun 4, 2017"
3,3,24,165,"Jun 5, 2017"
8,16,7,27,"Jun 6, 2017"
18,20,17,16,"Jun 7, 2017"
10,21,20,165,"Jun 8, 2017"
4,16,4,27,"Jun 9, 2017"
23,0,0,63,"Jun 9, 2017"
8,2,7,16,"Jun 10, 2017"
10,20,10,165,"Jun 11, 2017"
23,0,22,63,"Jun 11, 2017"
18,21,17,27,"Jun 12, 2017"
8,18,17,27,"Jun 14, 2017"
23,0,24,63,"Jun 14, 2017"
4,10,10,16,"Jun 15, 2017"
19,25,18,55,"Jun 15, 2017"
19,25,23,55,"Jun 17, 2017"
10,18,17,165,"Jun 18, 2017"
23,10,24,135,"Jun 23, 2017"
23,10,10,135,"Jun 25, 2017"
21,25,23,59,"Jun 30, 2017"
23,10,10,124,"Jun 30, 2017"
21,25,20,59,"Jul 2, 2017"
23,10,22,124,"Jul 2, 2017"
21,25,20,67,"Jul 6, 2017"
23,10,10,87,"Jul 6, 2017"
21,25,23,67,"Jul 8, 2017"
21,25,23,67,"Jul 10, 2017"
21,10,10,41,"Aug 20, 2017"
21,10,10,128,"Aug 24, 2017"
21,10,10,128,"Aug 27, 2017"
21,10,10,38,"Aug 31, 2017"
21,10,10,38,"Sep 3, 2017"
10,2,10,33,"Sep 17, 2017"
8,24,7,101,"Sep 19, 2017"
10,2,10,90,"Sep 21, 2017"
8,24,24,126,"Sep 21, 2017"
10,2,10,75,"Sep 24, 2017"
8,24,7,21,"Sep 24, 2017"
8,24,7,165,"Sep 27, 2017"
10,2,3,13,"Sep 28, 2017"
8,24,7,154,"Sep 29, 2017"
10,2,10,113,"Oct 1, 2017"
17,19,18,134,"Oct 6, 2017"
17,19,16,134,"Oct 8, 2017"
18,21,17,49,"Oct 13, 2017"
20,3,19,85,"Oct 15, 2017"
18,21,17,1,"Oct 16, 2017"
20,3,19,127,"Oct 18, 2017"
18,21,17,1,"Oct 18, 2017"
18,21,17,150,"Oct 20, 2017"
10,16,15,111,"Oct 22, 2017"
20,3,19,54,"Oct 22, 2017"
18,21,17,150,"Oct 23, 2017"
10,16,10,138,"Oct 25, 2017"
10,16,10,82,"Oct 29, 2017"
17,19,18,49,"Nov 24, 2017"
17,19,18,49,"Nov 25, 2017"
0,11,0,150,"Dec 5, 2017"
9,17,8,74,"Dec 6, 2017"
0,11,11,150,"Dec 7, 2017"
9,17,8,74,"Dec 8, 2017"
10,21,20,48,"Dec 10, 2017"
0,11,11,150,"Dec 10, 2017"
10,21,10,105,"Dec 13, 2017"
10,21,10,172,"Dec 17, 2017"
16,24,15,174,"Dec 20, 2017"
16,24,15,36,"Dec 23, 2017"
16,24,15,36,"Dec 26, 2017"
16,18,15,173,"Jan 6, 2018"
16,18,15,121,"Jan 9, 2018"
22,11,11,74,"Jan 11, 2018"
16,18,15,52,"Jan 13, 2018"
22,11,11,74,"Jan 13, 2018"
3,7,7,103,"Jan 14, 2018"
4,25,4,47,"Jan 15, 2018"
16,18,15,68,"Jan 16, 2018"
11,19,11,74,"Jan 16, 2018"
21,25,23,47,"Jan 17, 2018"
11,19,11,74,"Jan 18, 2018"
16,18,15,173,"Jan 19, 2018"
3,7,7,20,"Jan 19, 2018"
4,21,4,47,"Jan 19, 2018"
3,7,7,159,"Jan 21, 2018"
22,19,18,74,"Jan 21, 2018"
21,25,20,47,"Jan 21, 2018"
22,19,21,74,"Jan 23, 2018"
4,25,4,47,"Jan 23, 2018"
4,21,20,47,"Jan 25, 2018"
3,7,3,2,"Jan 26, 2018"
4,21,20,47,"Jan 27, 2018"
3,7,7,130,"Jan 28, 2018"
20,10,10,53,"Feb 1, 2018"
20,10,10,29,"Feb 4, 2018"
20,10,10,26,"Feb 7, 2018"
0,25,0,150,"Feb 9, 2018"
20,10,19,80,"Feb 10, 2018"
0,25,23,150,"Feb 11, 2018"
0,25,0,150,"Feb 13, 2018"
20,10,10,133,"Feb 13, 2018"
0,25,0,150,"Feb 16, 2018"
20,10,10,29,"Feb 16, 2018"
0,25,0,150,"Feb 19, 2018"
16,7,15,68,"Feb 25, 2018"
16,7,7,109,"Feb 28, 2018"
16,7,7,173,"Mar 3, 2018"
0,19,18,22,"Mar 4, 2018"
17,22,21,69,"Mar 4, 2018"
9,19,18,22,"Mar 6, 2018"
11,17,11,69,"Mar 6, 2018"
22,24,22,69,"Mar 6, 2018"
24,0,23,22,"Mar 6, 2018"
16,7,15,52,"Mar 7, 2018"
0,8,8,22,"Mar 8, 2018"
17,24,22,69,"Mar 8, 2018"
16,7,7,36,"Mar 10, 2018"
11,24,22,69,"Mar 10, 2018"
24,8,23,22,"Mar 10, 2018"
11,22,11,69,"Mar 12, 2018"
24,19,25,22,"Mar 12, 2018"
0,24,0,69,"Mar 15, 2018"
19,22,18,22,"Mar 15, 2018"
24,11,23,69,"Mar 16, 2018"
9,17,16,69,"Mar 17, 2018"
11,19,11,69,"Mar 18, 2018"
24,24,22,69,"Mar 19, 2018"
0,22,0,69,"Mar 20, 2018"
19,24,22,69,"Mar 21, 2018"
24,22,21,69,"Mar 22, 2018"
0,11,0,69,"Mar 23, 2018"
0,24,0,69,"Mar 25, 2018"
19,7,18,55,"Jun 10, 2018"
8,2,7,165,"Jun 13, 2018"
8,2,7,27,"Jun 16, 2018"
8,2,7,126,"Jun 19, 2018"
8,2,7,34,"Jun 21, 2018"
8,2,7,101,"Jun 24, 2018"
8,10,10,126,"Jul 12, 2018"
24,18,17,22,"Jul 13, 2018"
8,10,7,98,"Jul 14, 2018"
24,18,17,22,"Jul 16, 2018"
8,10,7,95,"Jul 17, 2018"
24,18,17,22,"Jul 18, 2018"
24,18,17,22,"Jul 20, 2018"
24,18,17,22,"Jul 22, 2018"
23,3,4,137,"Jul 22, 2018"
23,3,22,137,"Jul 25, 2018"
23,3,4,11,"Jul 28, 2018"
21,20,19,41,"Jul 29, 2018"
15,14,14,7,"Aug 1, 2018"
21,20,19,41,"Aug 1, 2018"
15,14,13,7,"Aug 3, 2018"
21,20,19,128,"Aug 5, 2018"
21,20,20,128,"Aug 8, 2018"
21,20,20,38,"Aug 12, 2018"
11,0,0,12,"Aug 27, 2018"
11,0,11,12,"Aug 29, 2018"
14,22,21,91,"Aug 30, 2018"
11,0,0,12,"Aug 31, 2018"
4,21,4,49,"Sep 15, 2018"
9,18,17,49,"Sep 16, 2018"
0,21,0,1,"Sep 17, 2018"
9,10,10,49,"Sep 18, 2018"
10,18,10,49,"Sep 19, 2018"
0,3,0,1,"Sep 20, 2018"
4,10,10,49,"Sep 21, 2018"
0,18,17,1,"Sep 21, 2018"
10,18,10,49,"Sep 23, 2018"
0,3,4,1,"Sep 23, 2018"
0,10,25,49,"Sep 25, 2018"
4,18,4,1,"Sep 26, 2018"
4,10,10,49,"Sep 28, 2018"
20,25,19,85,"Sep 30, 2018"
20,25,19,17,"Oct 3, 2018"
20,25,19,127,"Oct 6, 2018"
21,7,24,41,"Oct 10, 2018"
21,7,7,41,"Oct 13, 2018"
21,7,7,128,"Oct 17, 2018"
21,7,7,128,"Oct 20, 2018"
10,24,10,65,"Oct 21, 2018"
4,25,4,47,"Oct 21, 2018"
21,7,20,38,"Oct 23, 2018"
10,24,25,172,"Oct 24, 2018"
4,25,4,31,"Oct 24, 2018"
4,25,4,31,"Oct 26, 2018"
10,24,22,138,"Oct 27, 2018"
10,24,10,112,"Oct 29, 2018"
10,24,10,166,"Nov 1, 2018"
3,20,19,130,"Nov 4, 2018"
16,18,15,1,"Nov 7, 2018"
3,20,3,2,"Nov 9, 2018"
16,18,17,1,"Nov 9, 2018"
3,20,19,70,"Nov 11, 2018"
16,18,24,49,"Nov 11, 2018"
4,24,4,47,"Dec 9, 2018"
4,24,22,47,"Dec 11, 2018"
4,24,4,160,"Dec 14, 2018"
16,21,15,109,"Jan 3, 2019"
16,21,15,109,"Jan 5, 2019"
16,21,15,121,"Jan 8, 2019"
3,10,3,159,"Jan 12, 2019"
3,10,10,2,"Jan 15, 2019"
3,10,10,103,"Jan 18, 2019"
20,18,17,133,"Jan 19, 2019"
20,18,19,53,"Jan 22, 2019"
16,10,10,120,"Jan 23, 2019"
22,14,21,74,"Jan 25, 2019"
20,18,19,29,"Jan 25, 2019"
16,10,10,109,"Jan 26, 2019"
22,14,13,74,"Jan 26, 2019"
20,18,17,80,"Jan 27, 2019"
16,10,10,109,"Jan 28, 2019"
22,14,13,74,"Jan 28, 2019"
20,18,19,26,"Jan 30, 2019"
16,10,15,68,"Jan 31, 2019"
16,10,10,173,"Feb 3, 2019"
16,3,15,120,"Feb 13, 2019"
16,3,15,36,"Feb 16, 2019"
16,3,15,52,"Feb 20, 2019"
23,7,7,19,"Feb 20, 2019"
23,7,22,19,"Feb 22, 2019"
23,7,24,156,"Feb 25, 2019"
23,7,7,156,"Feb 27, 2019"
0,11,0,43,"Feb 28, 2019"
0,11,24,43,"Mar 2, 2019"
10,2,10,72,"Mar 2, 2019"
23,7,22,63,"Mar 2, 2019"
20,21,19,80,"Mar 3, 2019"
0,11,11,43,"Mar 5, 2019"
10,2,10,113,"Mar 5, 2019"
20,21,19,29,"Mar 6, 2019"
0,11,0,43,"Mar 8, 2019"
10,2,3,142,"Mar 8, 2019"
0,11,11,43,"Mar 10, 2019"
10,2,3,105,"Mar 10, 2019"
20,21,19,53,"Mar 10, 2019"
10,2,3,44,"Mar 13, 2019"
20,21,19,133,"Mar 13, 2019"
20,21,19,26,"Mar 16, 2019"
3,18,3,150,"Mar 22, 2019"
3,18,3,150,"Mar 24, 2019"
3,18,3,1,"Mar 27, 2019"
3,18,3,49,"Mar 29, 2019"
3,18,3,49,"Mar 31, 2019"
24,22,23,69,"Apr 10, 2019"
24,22,23,69,"Apr 12, 2019"
24,22,23,69,"Apr 14, 2019"
24,22,23,69,"Apr 16, 2019"
